artistId,artistName,artistImg,artistChosen
62mCohf6aiF3nryWghwCxM,"Ghulam Ali",https://i.scdn.co/image/ab6761610000e5ebc86468adb7a71b55ca9e543d,0
4bYPcJP5jwMhSivRcqie2n,"Adam Levine",https://i.scdn.co/image/ab6761610000e5eb4a61c7615c8125e832ffc32c,0
2SHhfs4BiDxGQ3oxqf0UHY,Roxette,https://i.scdn.co/image/ab6761610000e5eb347ca7e9f41f3ff8e2b19034,0
5p7f24Rk5HkUZsaS3BLG5F,"Hailee Steinfeld",https://i.scdn.co/image/ab6761610000e5eba961383967f3a3a54e794a15,0
6VeL8VhaMjHTPc5uovFl3h,"The Damned",https://i.scdn.co/image/ab6761610000e5ebf6a1a78924d30ae1e9adb1b6,0
7n2wHs1TKAczGzO7Dd2rGr,"Shawn Mendes",https://i.scdn.co/image/ab6761610000e5eb46e7a06fa6dfefaed6a3f0db,0
0nnp7oJpY2J6yZOqtdKaWq,Duelo,https://i.scdn.co/image/ab6761610000e5ebae2726c49090a60818e2354c,0
31TPClRtHm23RisEBtV3X7,"Justin Timberlake",https://i.scdn.co/image/ab6761610000e5eb9d3f9efc8e0030306e583cef,0
21E3waRsmPlU7jZsS13rcj,Ne-Yo,https://i.scdn.co/image/ab6761610000e5ebca118e3822061f7b7f6bc537,0
3aQeKQSyrW4qWr35idm0cy,T-Pain,https://i.scdn.co/image/ab6761610000e5ebd82452219c72478c6fd780ca,0
5rSXSAkZ67PYJSvpUpkOr7,"Backstreet Boys",https://i.scdn.co/image/ab6761610000e5eb63dc867958993e8458517d2b,0
09JmqY14D3mV8CglLRQLWd,MFS,https://i.scdn.co/image/ab67616d0000b27329fa59fa85750f3afde4a736,0
6lOC7lwSO1ql4Gc2Y3QObY,"East 17",https://i.scdn.co/image/ab6761610000e5eb3794240e1204efd633291489,0
40oYPr305MsT2lsiXr9fX9,"The Boomtown Rats",https://i.scdn.co/image/ab6761610000e5eb650a6331f62d5671e3f8192c,0
3ayMV7TAUoJ7jHass1hSxI,"Peggy Harley",,0
6DCIj8jNaNpBz8e5oKFPtp,"The Cars",https://i.scdn.co/image/ccef506dcc1eafa2f44270918b3ba962e67ea3ad,0
3Z02hBLubJxuFJfhacLSDc,"Bryan Adams",https://i.scdn.co/image/ab6761610000e5eb8009ff2c16ef26e06e4d6623,0
2d3VHzlOEwXvmBdS4pzOPL,"LeAnn Rimes",https://i.scdn.co/image/ab6761610000e5ebe3cf96c38c8421e7c3a10cc1,0
1snhtMLeb2DYoMOcVbb8iB,"Kenshi Yonezu",https://i.scdn.co/image/ab6761610000e5eb486e89dfcbba35327a1ba9b9,0
3sT9TnueAF3E9yUK4jK7od,"slowed and reverbed tunes",https://i.scdn.co/image/ab6761610000e5ebf5dd205775bebefb2bf478e9,0
7rftfGIYEeZ79sLb58ZBDi,Gabrielle,https://i.scdn.co/image/ab6761610000e5eb0736094d6a96b568125d3356,0
4gzpq5DPGxSnKTe4SA8HAU,Coldplay,https://i.scdn.co/image/ab6761610000e5eb989ed05e1f0570cc4726c2d3,0
5pKCCKE2ajJHZ9KAiaK11H,Rihanna,https://i.scdn.co/image/ab6761610000e5eb99e4fca7c0b7cb166d915789,0
5UqTO8smerMvxHYA5xsXb6,"Sonic Youth",https://i.scdn.co/image/af335c11a73e9311516bb28800be58311410d1be,0
5PYuBRQMHh7nWmdV076sH9,"Heaven 17",https://i.scdn.co/image/b19af7bc7078141c1bed483b95a1f62e36815d9d,0
0Ck0U5EF4b0VBMmpZPuUmv,"Salil Chowdhury",https://i.scdn.co/image/ab67616d0000b273b9afc1c03e76033d7d2d4422,0
05oH07COxkXKIMt6mIPRee,Brandy,https://i.scdn.co/image/ab6761610000e5eb8df2c46be545c0a78748d6b4,0
1Xyo4u8uXC1ZmMpatF05PJ,"The Weeknd",https://i.scdn.co/image/ab6761610000e5ebb5f9e28219c169fd4b9e8379,0
6GB1ip1cMehKYjKYnQLpSS,"MC Headshot",https://i.scdn.co/image/ab6761610000e5eb3e9d90d9bef81fa337c0ea51,0
762310PdDnwsDxAQxzQkfX,"Depeche Mode",https://i.scdn.co/image/ab6761610000e5ebaff13c9484fdad590ccfb73c,0
246dkjvS1zLTtiykXe5h60,"Post Malone",https://i.scdn.co/image/ab6761610000e5ebb894ef9fa437b0389c5567cc,0
5CT7RBitS0e0u78T8tRBWQ,"Missing Persons",https://i.scdn.co/image/d4564ebfde686780dae0af03a33b84e68e4f7176,0
2JyWXPbkqI5ZJa3gwqVa0c,"Craig David",https://i.scdn.co/image/ab6761610000e5ebe193dec6d352ccc0d3ed0221,0
3TR3Ehl4idJ38cJo2K3PlF,Mismatched,https://i.scdn.co/image/ab6761610000e5eb83319c20e3d7bb6e8cedf90f,0
6UE7nl9mha6s8z0wFQFIZ2,Robyn,https://i.scdn.co/image/ab6761610000e5eba056ac6e44777f9aa30f5e3b,0
4zVfvSWs6FvSD6B5lQGs2S,"Peter Andre",https://i.scdn.co/image/809c25f4bc6391b6486f3a07696642a58ee1148b,0
0tmwSHipWxN12fsoLcFU3B,"Manuel Turizo",https://i.scdn.co/image/ab6761610000e5ebf062dac9d2b2e8b732965599,0
5OfhOoKunSnuubxxRML8J3,"Mr. Big",https://i.scdn.co/image/ac0ab5526826d20fa8430d4d4029a16be839b863,0
7DMveApC7UnC2NPfPvlHSU,"Cheat Codes",https://i.scdn.co/image/ab6761610000e5ebe76d3aeb58344c63fcc97682,0
6MDME20pz9RveH9rEXvrOM,"Clean Bandit",https://i.scdn.co/image/ab6761610000e5eb7a487027eb0c10af725d5410,0
1T9OoG7UpwFdav6EGJ9v7U,"Babla Mehta",https://i.scdn.co/image/ab67616d0000b2731d80aca78cf5ea81b3408885,0
2fMqTqiTxUDlmcOEPaQSsx,"Amitabh Bhattacharya",https://i.scdn.co/image/ab6761610000e5eb9ead3cc9a2db015a9871ecdd,0
0IwlY33zbBXN7zlS9DP2Cj,Nico,https://i.scdn.co/image/677676052b80931c35666be501d1f0d5c97397c9,0
2DFCHTDIA0t638a4mm37dK,"Raj Shekhar",https://i.scdn.co/image/ab67616d0000b273db2ae37ff0838ee2969c0772,0
69bG9tC62d8oTFC9aTTosn,"New West",https://i.scdn.co/image/ab6761610000e5ebfbf70d3071dbb808406e4031,0
6M2wZ9GZgrQXHCFfjv46we,"Dua Lipa",https://i.scdn.co/image/ab6761610000e5ebd42a27db3286b58553da8858,0
1Xylc3o4UrD53lo9CvFvVg,"Zara Larsson",https://i.scdn.co/image/ab6761610000e5eba63a2b0ceb57eb509d67c90f,0
0uGk2czvcpWQA383Im6ajf,"Maggie Lindemann",https://i.scdn.co/image/ab6761610000e5ebde4251fdca488fa6b3ddf0af,0
7bKupnlF7XOfR1En3K8oAL,"Go West",https://i.scdn.co/image/9ec4919593b340858d86eb8617b712b7e81545af,0
6LEG9Ld1aLImEFEVHdWNSB,"AP Dhillon",https://i.scdn.co/image/ab6761610000e5eb93cc69405d5040ed28f702f7,0
4zs2Vybqo9ktD8QORpnHfI,"The Basement Boys",,0
3jTU1IOqkO7Mz4zdbXPose,"Stephen Dawes",https://i.scdn.co/image/ab6761610000e5eb12cbc3af4ba384e8a9d39342,0
7z5WFjZAIYejWy0NI5lv4T,"Dan + Shay",https://i.scdn.co/image/ab6761610000e5eb1e6f4e64dc26772155d61ce2,0
2wPsNCwhEGb0KvChZ5DD52,"K. J. Yesudas",https://i.scdn.co/image/ab6761610000e5ebdd746a334ae236bb7a95c1d5,0
68DIbVdYkOrGIb71jr0mL1,"Swapnil Tiwari",https://i.scdn.co/image/ab6761610000e5ebf6fdceac57b8a9a577b63417,0
4BIQA9vRkqXEnA2twmq7mU,"Mario Winans",https://i.scdn.co/image/1d45540168bdcb4c73a6d54cd3c5e62898f67a4f,0
1EKK9k0IAwV1oeJfZITSYo,Madhushree,https://i.scdn.co/image/ab6761610000e5eb953f9dc50ed68470df840269,0
4otJVkrLLqDF8OxFJOigme,"Mavi Gri",https://i.scdn.co/image/ab6761610000e5eba64fa4fcc8b525afa08ae8ef,0
26dSoYclwsYLMAKD3tpOr4,"Britney Spears",https://i.scdn.co/image/ab6761610000e5eb4e7e6ded87a4e0f65b5afcec,0
6ysQi6NI88X627t2srsWz6,"Mott The Hoople",https://i.scdn.co/image/130b5d335ec440db3d2efce781ab3882c87a0781,0
3nqS8jzqmsPKFJTp0BOIel,Ikky,https://i.scdn.co/image/ab6761610000e5ebd9e27321090258d138ad96a7,0
3nlHsNqwCSvT988ZfSW1Yh,"Ronan Keating",https://i.scdn.co/image/ab6761610000e5ebc7538bd3293f5e3b292cf3e4,0
0dhvA4ex79khKjjpo11lGE,Jags,https://i.scdn.co/image/9d05a9b6fe184c305b9e6f819fdf224f71d63528,0
1oMNjZOVmloobqepH8HLc7,"Manhar Udhas",https://i.scdn.co/image/ab6761610000e5ebe71eab869f2c8fac5b7e7cec,0
0WhGV9lzljq2QKJ8ipw6jx,"New York Dolls",https://i.scdn.co/image/169d98992e555699585b68c5fdc8b88bb1ddda8b,0
6kBjAFKyd0he7LiA5GQ3Gz,Aqua,https://i.scdn.co/image/ab6761610000e5ebf6441955eb1e5e770d64a2a1,0
450o9jw6AtiQlQkHCdH6Ru,Funkadelic,https://i.scdn.co/image/dfd7b11d97bc9159e9d085c5fd925b70cd192178,0
2yEkZBBjhzKzt6LF5XMaFi,Blue,https://i.scdn.co/image/ab6761610000e5eb6c13c0d233bbe7b10fbd6238,0
2WzaAvm2bBCf4pEhyuDgCY,"Ruth B.",https://i.scdn.co/image/ab6761610000e5ebc36cd1cebde513411c2e1504,0
3hteYQFiMFbJY7wS0xDymP,Gesaffelstein,https://i.scdn.co/image/ab6761610000e5eb7fa99a739980cf77a38f995b,0
3J9tQvcK0bY3CcVcgRELxH,"Regina Belle",https://i.scdn.co/image/d6c37199205c89b8f3900ba3312478cd75efb970,0
5Y5TRrQiqgUO4S36tzjIRZ,Timbaland,https://i.scdn.co/image/ab6761610000e5eb2ec030557b0529c01639529b,0
6qqNVTkY8uBg9cP3Jd7DAH,"Billie Eilish",https://i.scdn.co/image/ab6761610000e5ebd8b9980db67272cb4d2c3daf,0
4lYtGx5NZQJHsMyhHc5iz3,"The Cramps",https://i.scdn.co/image/fc6b731da9ccf21380f2c32a37a825b8b6e41fc8,0
67MNhiAICFY6Pwc2YxCO0K,"Elley Duhé",https://i.scdn.co/image/ab6761610000e5ebfb7141329e46d7fe05c2d616,0
0LJsq2Wm3kpcUF6qjT4Q39,"Mahbub Islam",https://i.scdn.co/image/ab6761610000e5eb431e414d4be2f9c38c197a99,0
5qPRgWcEOGRzoIST0sHAiI,"Angel Dior",https://i.scdn.co/image/ab6761610000e5eba57a170ea9980a5559271234,0
6axmSYB8DrinCtOpP8BTU8,"Mentaliter Insani",https://i.scdn.co/image/ab6761610000e5ebaab2a598e1e9935d7bc228a8,0
2LRoIwlKmHjgvigdNGBHNo,Feid,https://i.scdn.co/image/ab6761610000e5eb9649d1e475a1298d2fa52a3d,0
3q7HBObVc0L8jNeTe5Gofh,"50 Cent",https://i.scdn.co/image/dd031b9c5d1b6eba4a691cd89c954255aae787f2,0
36QJpDe2go2KgaRleHCDTp,"Led Zeppelin",https://i.scdn.co/image/207803ce008388d3427a685254f9de6a8f61dc2e,0
5FU1KYJheed7LZIM2r6KrE,dkj,https://i.scdn.co/image/ab6761610000e5ebb8424caf8e485daca86365b0,0
4nJ0kto93jDLHQKmpGeYS8,"Anvita Dutt",,0
1HnV8VaGdip3y1SpJPgft0,Panther,https://i.scdn.co/image/ab6761610000e5ebf9ed718456ef98ffa83ade36,0
5WZViOJ21095FUcGPMpKFF,"MC SQUARE",https://i.scdn.co/image/ab6761610000e5eb870edc847976bcd06b56706a,0
3WGpXCj9YhhfX11TToZcXP,"Troye Sivan",https://i.scdn.co/image/ab6761610000e5eb002eedc44fefe085daae10e4,0
1KeIof0zqga5ojkmOKg88P,"Plastic Bertrand",https://i.scdn.co/image/ab6761610000e5eba5a2ce029483726a2f855445,0
4S9EykWXhStSc15wEx8QFK,"Céline Dion",https://i.scdn.co/image/ab6761610000e5eb357f2a87bf92208767a48e7e,0
6U1dBXJhC8gXFjamvFTmHg,"Zac Efron",https://i.scdn.co/image/735f581e4a58d772bd495494dceae99120ea0f4e,0
7lzordPuZEXxwt9aoVZYmG,"Billy Idol",https://i.scdn.co/image/ab6761610000e5ebd42c6334786bfdea92beeb5d,0
4BFMTELQyWJU1SwqcXMBm3,"The Stooges",https://i.scdn.co/image/1d9f0cf8e6d8d51f28369eccd78dca2882fb0d83,0
0oSGxfWSnnOXhD2fKuz2Gy,"David Bowie",https://i.scdn.co/image/ab6761610000e5ebb78f77c5583ae99472dd4a49,0
3syIAcIriqzXKN77IwQnWB,"Tammy Ruggieri",,0
3mIj9lX2MWuHmhNCA7LSCW,"The 1975",https://i.scdn.co/image/ab6761610000e5eb89348336354096fd4e36ca73,0
4BxCuXFJrSWGi1KHcVqaU4,Kodaline,https://i.scdn.co/image/ab6761610000e5eb0b99560e4162fe239ac6d3ba,0
3rWZHrfrsPBxVy692yAIxF,WILLOW,https://i.scdn.co/image/ab6761610000e5eb4ce5f9fdf769f2606f23e72c,0
5y8tKLUfMvliMe8IKamR32,d4vd,https://i.scdn.co/image/ab6761610000e5eb28c3ef75093c1926cfa82d66,0
2mG8HHQ9S9kcbjcrb5N1FE,"The Go-Go's",https://i.scdn.co/image/5506a4ed9d4abd277f4eda5a92239dc68073d46d,0
1u7kkVrr14iBvrpYnZILJR,"Sex Pistols",https://i.scdn.co/image/ab6761610000e5ebd3fa01fd4baad1158dd2fd8b,0
5bS74zNlZCPARTsW3Lurw5,"Runa Laila",https://i.scdn.co/image/ab67616d0000b2734044a419c6492000281f5716,0
0QntOArZgiNHoemAzwJPu5,"Gur Sidhu",https://i.scdn.co/image/ab6761610000e5eb539a63c49accffca328dd09f,0
4yxICw7joYAxRI2sTRldLB,"Rajat Nagpal",https://i.scdn.co/image/ab6761610000e5eb5d8708f3c005f010b29a062d,0
19YAQxr2xw4CZ6TlRwsY1C,"Luca Bignardi",,0
0oOet2f43PA68X5RxKobEy,"Shreya Ghoshal",https://i.scdn.co/image/ab6761610000e5ebb3fe1b3ee6caedd21d2a6b85,0
33yjk1kQbu7otNngO5pQb8,"MC MENOR HR",https://i.scdn.co/image/ab6761610000e5eb8ba423188145ad3eec349e0b,0
5HH9WTgUzO8ZIiqrxPiwiv,"Danish Sood",https://i.scdn.co/image/ab6761610000e5ebde0a4818d192a6379f6e59a5,0
6X9aYHnQ75YI8o08aoa0iS,Boyzone,https://i.scdn.co/image/588a07548bc91a664fafbaa04c1936a4759f5bcf,0
42TFhl7WlMRXiNqzSrnzPL,"Lou Reed",https://i.scdn.co/image/2e1e9a6fe696b536a1f9e6a27fc1ed23d2c97099,0
1XgFuvRd7r5g0h844A5ZUQ,"Take That",https://i.scdn.co/image/ab6761610000e5eb04b0ab704089054911d91bfd,0
4p07QU02SrLsaORo25h2Lg,Sammie,https://i.scdn.co/image/ab6761610000e5eb5c76dd327ade80af7e1f1af9,0
7JpFUjd9t0f7VNk7BY2ug8,"WEROMIX MUSIC",https://i.scdn.co/image/ab6761610000e5eb157f7186b5cd738296ec45fc,0
5P2rwRBgIN450RaJxdjYdA,"Kardinal Offishall",https://i.scdn.co/image/ab6761610000e5ebda71d9aeae89499cc60e0bc3,0
3dBVyJ7JuOMt4GE9607Qin,"T. Rex",https://i.scdn.co/image/ab6761610000e5ebc3720f148c287625f0bbf55b,0
36jaGQtMj5UWD0eO1fCVdD,"Joel Adams",https://i.scdn.co/image/ab6761610000e5eb87462cbff7c782a4147b2e8f,0
6MF9fzBmfXghAz953czmBC,"Taio Cruz",https://i.scdn.co/image/ab6761610000e5eb153171480a6f22912253b9f1,0
4AVFqumd2ogHFlRbKIjp1t,Alesso,https://i.scdn.co/image/ab6761610000e5eb1605eca2d6cc32b05a2d56b1,0
14IDLWkXEqefdklpm0aAjq,"Hope Music",https://i.scdn.co/image/ab6761610000e5eb4bcd6d9b7fa56131a0c0aa9d,0
00tVTdpEhQQw1bqdu8RCx2,"Blue Öyster Cult",https://i.scdn.co/image/ab6761610000e5eba50ccc99f741a7899654bc16,0
3MZsBdqDrRTJihTHQrO6Dq,Joji,https://i.scdn.co/image/ab6761610000e5eb4111c95b5f430c3265c7304b,0
4JczWHls9n9VpTHnqO2IG8,"Ananya Bhat",https://i.scdn.co/image/ab6761610000e5ebcadc51b2278a209d0eedbc61,0
6i76Njw7mW2TtsQIRVsqAG,"Leandro e as Abusadas",https://i.scdn.co/image/ab6761610000e5eb43416c1edd22a0bee52460fe,0
0k17h0D3J5VfsdmQ1iZtE9,"Pink Floyd",https://i.scdn.co/image/e69f71e2be4b67b82af90fb8e9d805715e0684fa,0
5Z8nzSJRSo4HRcUOzemnC1,Juss,https://i.scdn.co/image/ab67616d0000b2738ad451f58ec0b54c7179c6ba,0
61JrslREXq98hurYL2hYoc,"Lata Mangeshkar",https://i.scdn.co/image/ab6761610000e5eba0199b159c0c5a9f62333d32,0
0GiAC4VvvYCypjRH6IiasK,"Surya Ragunaathan",https://i.scdn.co/image/ab6761610000e5eb28f1f90c902d6d8701ed4b70,0
74OaRjmyh0XyRZsQQQ5l7c,"Jasleen Royal",https://i.scdn.co/image/ab6761610000e5ebbb02318fe3cd50485531c42c,0
6Hizgjo92FnMp8wGaRUNTn,"Vertical Horizon",https://i.scdn.co/image/ab6761610000e5ebc7a91ecbdde7a0de84b2f0ba,0
3PjvC3vaZ6wh5FK6PZ4Dd5,"B. Ajaneesh Loknath",https://i.scdn.co/image/ab67616d0000b273dd9d1b74357bacedb81ca47b,0
19ra5tSw0tWufvUp8GotLo,"George Michael",https://i.scdn.co/image/ab6761610000e5ebf8b74c36ba6c31fc0f58783c,0
3tPQOjkxO3mrYrrgkTeXgH,"Nikhita Gandhi",https://i.scdn.co/image/ab6761610000e5eb44f9b4f49b03b53c276cba3c,0
5f4QpKfy7ptCHwTqspnSJI,"Neha Kakkar",https://i.scdn.co/image/ab6761610000e5eb2eb3676d6d03d8872feb0875,0
4tpUmLEVLCGFr93o8hFFIB,Blondie,https://i.scdn.co/image/ab6761610000e5eb67dc4da82c968767d994f3c3,0
46pWGuE3dSwY3bMMXGBvVS,Rema,https://i.scdn.co/image/ab6761610000e5eb5c77b5deaf9aef3e9ccec31c,0
4yiQZ8tQPux8cPriYMWUFP,"Gwen Stefani",https://i.scdn.co/image/ab6761610000e5eb71a84376c2d99dbc4eba4097,0
6RF8hEdlUKoLPQOHmBbHiM,"Yasser Desai",https://i.scdn.co/image/ab6761610000e5eb2b7ca321131b0adb237d2fe8,0
5me0Irg2ANcsgc93uaYrpb,"The Notorious B.I.G.",https://i.scdn.co/image/1b4858fbd24046a81cace5ee18d19c868262b91f,0
64M6ah0SkkRsnPGtGiRAbb,"Bebe Rexha",https://i.scdn.co/image/ab6761610000e5ebabfac786f093c4da55c99d4e,0
2wY79sveU1sp5g7SokKOiI,"Sam Smith",https://i.scdn.co/image/ab6761610000e5eb10ca40ea0b0b5082dba0ff75,0
3b8QkneNDz4JHKKKlLgYZg,"Florida Georgia Line",https://i.scdn.co/image/ab6761610000e5ebaa2d9bd207a62adc3edf6631,0
2FKWNmZWDBZR4dE5KX4plR,"Diljit Dosanjh",https://i.scdn.co/image/ab6761610000e5eb92103a69abd9fbf76d866374,0
72Nhcx7prNk2ZCxhx0Y5es,"Amy Grant",https://i.scdn.co/image/ab6761610000e5eb56466f43a9c49dddcf6ee1ec,0
2P560DaOMNDUACoH8ZhOCR,"The Jam",https://i.scdn.co/image/ee4cebe3c187f4f18502fd99b69e316c1caa2254,0
2NmK5FyrQ18HOPXq1UBzqa,SWV,https://i.scdn.co/image/ab6761610000e5eb2c43fa54ddf21c961d2fd6c3,0
4obzFoKoKRHIphyHzJ35G3,"Becky G",https://i.scdn.co/image/ab6761610000e5eb978f96761eb3fa26b91f1fb8,0
4etv0ut4ws0GbXBtolzf5e,Mukesh,https://i.scdn.co/image/ab67616d0000b27379e3e03a30c41194a914fc80,0
5NHm4TU5Twz7owibYxJfFU,King,https://i.scdn.co/image/ab6761610000e5ebb02380a3f90c8e2029350f4d,0
0TImkz4nPqjegtVSMZnMRq,TLC,https://i.scdn.co/image/ab6761610000e5eb7356ae4581e46319f99c813a,0
2sOq4hJZRAybcz8AvKjDK4,"Ahmet Hatipoğlu",https://i.scdn.co/image/ab6761610000e5eb727942b20826353650ad5a0c,0
6tbjWDEIzxoDsBA1FuhfPW,Madonna,https://i.scdn.co/image/ab6761610000e5eb034a19a2d576c696b5be94a5,0
0PavAVTZWBEpaj4iJdKCyj,"Sunday Scaries",https://i.scdn.co/image/ab6761610000e5ebb588204bc2bcc8b34e0db3b8,0
7aBzpmFXB4WWpPl2F7RjBe,"Wyclef Jean",https://i.scdn.co/image/ab6761610000e5ebad53e714cc3481bd069bfc93,0
70B80Lwx2sxti0M1Ng9e8K,"Udit Narayan",https://i.scdn.co/image/ab6761610000e5eb8de0e6e7e55d7773931ab7f4,0
4WPY0N74T3KUja57xMQTZ3,"The Replacements",https://i.scdn.co/image/1c80a3a78951958f753cd7282bfe16dbca741258,0
2wUjUUtkb5lvLKcGKsKqsR,"Alessia Cara",https://i.scdn.co/image/ab6761610000e5ebe74b7398634a741f74858dc7,0
7bu3H8JO7d0UbMoVzbo70s,"The Cure",https://i.scdn.co/image/7ca743e822b80133971ccf5c70fcbd77a4f4f508,0
5RNFFojXkPRmlJZIwXeKQC,"Bryan Ferry",https://i.scdn.co/image/ab6761610000e5eb039e35b7703bade5d61bd906,0
7cvpTbz1cBUwRjLrcgobwm,"Jilted John",https://i.scdn.co/image/ab67616d0000b273e68ab40d254f19cc1cded232,0
2ae6PxICSOZHvjqiCcgon8,"S. P. Balasubrahmanyam",https://i.scdn.co/image/ab6761610000e5ebc4ab3514db806520757ac706,0
3Isy6kedDrgPYoTS1dazA9,"Sean Paul",https://i.scdn.co/image/ab6761610000e5eb60c3e9abe7327c0097738f22,0
3KV3p5EY4AvKxOlhGHORLg,Jeremih,https://i.scdn.co/image/ab6761610000e5eb09d815048b9b89b78b8a26ad,0
5yI5MjFLwQwfP24OxchqN1,"Simar Kaur",https://i.scdn.co/image/ab6761610000e5eb5a716568d4c66343dda7a3a6,0
3NyNPJaemMYsL14DK2tO01,Cheryl,https://i.scdn.co/image/ab6761610000e5eb581bef826c6d454a6a61d453,0
0A7g2YbCA9FlyZvAG6VmKP,"The LOX",https://i.scdn.co/image/ab6761610000e5ebdeaecca1879726b131fd71c9,0
7bXgB6jMjp9ATFy66eO08Z,"Chris Brown",https://i.scdn.co/image/ab6761610000e5ebe50aa80e0f5869f84f6874d1,0
4pADjHPWyrlAF0FA7joK2H,"Jay Sean",https://i.scdn.co/image/ab6761610000e5eb1fe57aeec785741820fedd52,0
7zfceKY7I04Tc0J2o7043h,"Mansheel Gujral",https://i.scdn.co/image/ab6761610000e5eb20b768dedf8ce8aeab27951d,0
3cGZqGPKhq8ChGYotV0mlS,"Sai Vignesh",https://i.scdn.co/image/ab6761610000e5eb65f891e08ddd769718cf99ca,0
3JGrxsZ6kfzJrfwsxwERhS,"M. M. Manasi",https://i.scdn.co/image/ab67616d0000b273dfe6cfcd34e433d548501824,0
2JSYASbWU5Y0fVpts3Eq7g,"R. D. Burman",https://i.scdn.co/image/ab6761610000e5ebd3b213d51e0ea60f0c768a38,0
1Fmb52lZ6Jv7FMWXXTPO3K,"Joan Jett & the Blackhearts",https://i.scdn.co/image/ab6761610000e5eb4e1b52ff7a60d0bad791fb36,0
56SjZARoEvag3RoKWIb16j,"B Praak",https://i.scdn.co/image/ab6761610000e5eb1085c393173d6a0826610e98,0
0OjRa6r1EIPF5RZPy1SGz9,Musketeers,https://i.scdn.co/image/ab6761610000e5eb1edb1015793df1c2f7d0b654,0
1co4F2pPNH8JjTutZkmgSm,Ramones,https://i.scdn.co/image/ab6761610000e5eb5b9f46a5c5bf8243179d56b0,0
6TLwD7HPWuiOzvXEa3oCNe,"Oliver Tree",https://i.scdn.co/image/ab6761610000e5eb8920b53de80984ecf97ea3cb,0
2gie1bU1LwnxdFAJoTLjzT,Loon,https://i.scdn.co/image/86bca3cf6660bf05f14560a2d0c9c0fb3ecdc8ee,0
7MSUfLeTdDEoZiJPDSBXgi,"Brian Eno",https://i.scdn.co/image/ab6761610000e5ebf4354b8e4e0fb2860e1c3694,0
3Oim8XBPbznAa8Jj8QzNc8,Cults,https://i.scdn.co/image/ab6761610000e5ebc058f486e96b16f85e50a1e9,0
5wJ1H6ud777odtZl5gG507,"Vishal Mishra",https://i.scdn.co/image/ab6761610000e5eb6403561cc5a2dcf800cc814a,0
1DisOtNFBsfGAuifnt4o8j,"Chino Grande",https://i.scdn.co/image/ab6761610000e5eb837093eb1c055b0b89c2b0fe,0
4AK6F7OLvEQ5QYCBNiQWHq,"One Direction",https://i.scdn.co/image/5bb443424a1ad71603c43d67f5af1a04da6bb3c8,0
5e4Dhzv426EvQe3aDb64jL,"Shania Twain",https://i.scdn.co/image/ab6761610000e5eb01022f4092cb96e0a91811a5,0
03CXCirzmzFLNwU4frezp7,"Raitila Rajasthan",https://i.scdn.co/image/ab67616d0000b27300c976bcbfba838b58307a4f,0
5KQMtyPE8DCQNUzoNqlEsE,"Gary Numan",https://i.scdn.co/image/ab6761610000e5ebdaea707e9e0ace6c53ed0697,0
5Wabl1lPdNOeIn0SQ5A1mp,"Cocteau Twins",https://i.scdn.co/image/c3d256b560f88164c5346543311b0a353c71cfd7,0
4Lk9Mory8nRTolPO1TMMcN,"Inderpal Moga",https://i.scdn.co/image/ab6761610000e5eb0815fa4f738bc8a697d2d09d,0
6WmXWHmfBMhupyIs8MSqtu,なとり,https://i.scdn.co/image/ab6761610000e5eb969647f30bc31582bf6cd191,0
4yjm4SvYqC5FFuLbB6TyHr,Bellakath,https://i.scdn.co/image/ab6761610000e5ebcc9719457660f209e067a10b,0
1yxSLGMDHlW21z4YXirZDS,"Black Eyed Peas",https://i.scdn.co/image/ab6761610000e5ebabab30b094128cf4c0f2cef1,0
1VbWUxZTRNY2gw3qZ1tg9W,"The Corrs",https://i.scdn.co/image/5813e7315f6fa4c3c0d5880c7df2d18f0889b18e,0
7BnikuGfXRWkGLJCWS1y9P,"The Plimsouls",https://i.scdn.co/image/0c0a8f2c6ffe55174d7361176e329a09c2e8e3a1,0
1i8SpTcr7yvPOmcqrbnVXY,Ozuna,https://i.scdn.co/image/ab6761610000e5eb39ce949d62ff47fc1de1a2d9,0
3jeN1xOULuoVF6284LDaQO,"David Bayu",https://i.scdn.co/image/ab6761610000e5ebefee5b1654abecd054821c93,0
07YZf4WDAMNwqr4jfgOZ8y,"Jason Derulo",https://i.scdn.co/image/ab6761610000e5eb654972693e0efed3f3f4d090,0
4jMTlhuQfw0TAJuPMv2OSH,"UK Rapi Boy",https://i.scdn.co/image/ab6761610000e5ebfcfe53ba1598dc7d1f09598e,0
1ZwdS5xdxEREPySFridCfh,2Pac,https://i.scdn.co/image/ab6761610000e5eb7f5cc432c9c109248ebec1ac,0
3X458ddYA2YcVWuVIGGOYe,"Toni Braxton",https://i.scdn.co/image/ab6761610000e5eb89773feeaeff0e1cb4951d37,0
3qm84nBOXUEQ2vnTfUTTFC,"Guns N' Roses",https://i.scdn.co/image/ab6761610000e5eb50defaf9fc059a1efc541f4c,0
6eUKZXaKkcviH0Ku9w2n3V,"Ed Sheeran",https://i.scdn.co/image/ab6761610000e5eb12a2ef08d00dd7451a6dbed6,0
26VFTg2z8YR0cCuwLzESi2,Halsey,https://i.scdn.co/image/ab6761610000e5ebd707e1c5177614c4ec95a06c,0
4aUvbQAAA2SLQUH8ib96yn,"The Members",https://i.scdn.co/image/ab6761610000e5eb65b52ea688135ad18d24dfb4,0
0vYkHhJ48Bs3jWcvZXvOrP,"Patti Smith",https://i.scdn.co/image/20e52d0b168541016f901d9ec6d4f2a0e41f193b,0
04gDigrS5kc9YWfZHwBETP,"Maroon 5",https://i.scdn.co/image/ab6761610000e5eb288ac05481cedc5bddb5b11b,0
3dS8rLINyM7EYuMXryXJym,"Steve Harley",https://i.scdn.co/image/57912e095e4bb52389c7a17eeb164f25c7dfc25d,0
72X6FHxaShda0XeQw3vbeF,Slowdive,https://i.scdn.co/image/ab6761610000e5eb7511ff94be3a6b231e61007b,0
7pwjGKaqnfkvS7eQbHaqyH,Sparks,https://i.scdn.co/image/ab6761610000e5eb2ff19a172ce65cd60b400c01,0
0z4gvV4rjIZ9wHck67ucSV,Akon,https://i.scdn.co/image/ab6761610000e5eb2eaca212e5583dfda30ebd4d,0
085pc2PYOi8bGKj0PNjekA,will.i.am,https://i.scdn.co/image/ab6761610000e5ebc9ab8da6f7a3ce02f0b16fd8,0
7uMh23xWiuR7zsNkuNcm2G,MNEK,https://i.scdn.co/image/ab6761610000e5eb8aead61f68aba43ec002195b,0
0Y5tJX1MQlPlqiwlOH1tJY,"Travis Scott",https://i.scdn.co/image/ab6761610000e5ebe707b87e3f65997f6c09bfff,0
33EUXrFKGjpUSGacqEHhU4,"Iggy Pop",https://i.scdn.co/image/ab6761610000e5eb21e6d14c3d8aab9887380d00,0
3fWcIRZlzhMl2YNACMvHui,Paradox,https://i.scdn.co/image/ab6761610000e5eb93a0ff00720587983494e037,0
2AfmfGFbe0A0WsTYm0SDTx,(G)I-DLE,https://i.scdn.co/image/ab6761610000e5eb196f5af772aeb1bdd3a6be65,0
2txHhyCwHjUEpJjWrEyqyX,"Tom Odell",https://i.scdn.co/image/ab6761610000e5eb7e75420ae58cf25941cb2cd4,0
5338fdSzGNOFD4cxAxDTeq,"Aaron Carter",https://i.scdn.co/image/ab6761610000e5eb7282180bad17abc8b83495f0,0
1X0HaTcdkHW7LviblBiEeq,"Rosa Walton",https://i.scdn.co/image/ab6761610000e5ebc0c038e8fe31ae46ed87d6e7,0
0GF4shudTAFv8ak9eWdd4Y,"Kishore Kumar",https://i.scdn.co/image/ab6761610000e5ebc9ac92d87de28795c1c49730,0
2C1Pj5TMq8QjqbwQ4tmDtO,Punto40,https://i.scdn.co/image/ab6761610000e5eba839dac0f94473d3a8c1f2d3,0
5as8A4G47Ohu9NSWs3Je8U,"Asha Bhosle",https://i.scdn.co/image/ab6761610000e5eb7c6855a92b408b6f82f3e6d1,0
0fgYKF9Avljex0L9Wt5b8Z,"Echo & the Bunnymen",https://i.scdn.co/image/397489fba8899aa52cadb0f62662603f96065446,0
137W8MRPWKqSmrBGDBFSop,"Wiz Khalifa",https://i.scdn.co/image/ab6761610000e5eb4bdf6db5203f2a0e44002620,0
0du5cEVh5yTK9QJze8zA0C,"Bruno Mars",https://i.scdn.co/image/ab6761610000e5ebc36dd9eb55fb0db4911f25dd,0
7asJziUUF7bVlfuNCZdehH,"DJ RJ Bhadrak",https://i.scdn.co/image/ab67616d0000b273a1e412e19133ad64ee86ca6b,0
45eNHdiiabvmbp4erw26rg,ILLENIUM,https://i.scdn.co/image/ab6761610000e5ebe5cc7053f8117e6c144b1f09,0
2DxlS3lTLFIq70S7ap5H3y,Buzzcocks,https://i.scdn.co/image/ab6761610000e5eb76f279b22d38054624b66e23,0
4rjlerN21ygkIhmUv55irs,"The Jesus and Mary Chain",https://i.scdn.co/image/ab6761610000e5eb79d4757188e2405b5d283752,0
2mpeljBig2IXLXRAFO9AAs,Dido,https://i.scdn.co/image/ab6761610000e5eb87150e785bd32b08bf0ba550,0
3aVoqlJOYx31lH1gibGDt3,Babyface,https://i.scdn.co/image/ab6761610000e5eb0cb3db62f8e93e64357df3c9,0
07QEuhtrNmmZ0zEcqE9SF6,"Owl City",https://i.scdn.co/image/ab6761610000e5eb1e597cf8abddb78b3cc42aaa,0
3R2OMv8JpXLy6ZIW7Qxz59,"Usha Mangeshkar",https://i.scdn.co/image/ab6761610000e5eb22ea1b11aad92e2951985625,0
2ijWbN5KykTYiBoVmhzCTU,"Jagjit Singh",https://i.scdn.co/image/fd8f374ce79d829d92ef5448fd6239a438b0d5f4,0
4dpARuHxo51G3z768sgnrY,Adele,https://i.scdn.co/image/ab6761610000e5eb68f6e5892075d7f22615bd17,0
4a5cFa2gISG9QtjELLgYcZ,Sickflip,https://i.scdn.co/image/ab6761610000e5eb6a1b71c658d6aa53b556b416,0
0M2CO5ijP35MDhNwvpgxTV,"sped up nightcore",https://i.scdn.co/image/ab6761610000e5ebbe248c6ae624f09c3b7b275f,0
1yjuFciXmV3NaPCzwwHclC,"The Bucketheads",https://i.scdn.co/image/ab67616d0000b273c775772fa7bbd72e6565b85c,0
1wRPtKGflJrBx9BmLsSwlU,Pritam,https://i.scdn.co/image/ab6761610000e5ebcb6926f44f620555ba444fca,0
4lDBihdpMlOalxy1jkUbPl,Grey,https://i.scdn.co/image/ab6761610000e5ebf95d757415d11b4a0c5fef85,0
6GMYJwaziB4ekv1Y6wCDWS,"Soulja Boy",https://i.scdn.co/image/ab6761610000e5eba0b85051b7e8ea8c9739a87e,0
3cqeO3muWIW5uSmUDNCmyT,"Rekha Bhardwaj",https://i.scdn.co/image/ab6761610000e5eb1b8709e71a55317386d46e57,0
540vIaP2JwjQb9dm3aArA4,"DJ Snake",https://i.scdn.co/image/ab6761610000e5ebf2855e25f1d9c8a20bcc85ae,0
4nsD0AxhwNYicOOmCGwUd4,"Nagraj Panar Valtur",,0
3v4feUQnU3VEUqFrjmtekL,Faces,https://i.scdn.co/image/016b5ccee6aae8ff1701a3ba8ff183161a51f504,0
4t7bXPFEPe0pu1ozhdDLOp,"The Raincoats",https://i.scdn.co/image/ab6761610000e5eb4f8a3cbc7e1a3c8b2d95ee41,0
164Uj4eKjl6zTBKfJLFKKK,JVKE,https://i.scdn.co/image/ab6761610000e5eb9a72fa882a4f81aecd85d1fd,0
1SQRv42e4PjEYfPhS0Tk9E,"The Kinks",https://i.scdn.co/image/ab6761610000e5eb8f8013de1cd216cfdd7a4848,0
1FWl7I9wJpb7Bhhutef4Xe,"Taaruk Raina",https://i.scdn.co/image/ab6761610000e5eb4a2197f44b6ca569af2bbac5,0
6yxKWJK7XtaOMK2j9FXqSC,"SCXR SOUL",https://i.scdn.co/image/ab6761610000e5eb36654541d5f46fafc0fb1a5f,0
6Dd3NScHWwnW6obMFbl1BH,Daya,https://i.scdn.co/image/ab6761610000e5eb5ce25fd2eab762a8cee5d200,0
1SrtY5x33d2gF27chigCGg,"Johnny Thunders & The Heartbreakers",https://i.scdn.co/image/ab67616d0000b2737efb235509a7bb2b5273e6d0,0
4q3ewBCX7sLwd24euuV69X,"Bad Bunny",https://i.scdn.co/image/ab6761610000e5eb8ee9a6f54dcbd4bc95126b14,0
6KOqPxwfNAmZPkiCnDE9yT,"Joe Jackson",https://i.scdn.co/image/bb8fd83e52d0aacb2695f151a80eb4c383448376,0
22bE4uQ6baNwSHPVcDxLCe,"The Rolling Stones",https://i.scdn.co/image/ab6761610000e5ebd3cb15a8570cce5a63af63d8,0
5DxwUWyGp1uejyE80iJcn0,"Dhanunjay Seepana",https://i.scdn.co/image/ab6761610000e5ebd524a16fa2ee73856511c09b,0
4l8xPGtl6DHR2uvunqrl8r,CAN,https://i.scdn.co/image/ab6761610000e5eb5cf2f3f47eceb202e7166078,0
4R90PNicCsCsEoRm8XwiMS,"The Beat",https://i.scdn.co/image/0c79b47afe6209537d454305e74810986ad040d8,0
0wz0jO9anccPzH04N7FLBH,Low,https://i.scdn.co/image/ab6761610000e5eb4aaac870e3a8f1a8e5529dff,0
55Aa2cqylxrFIXC767Z865,"Lil Wayne",https://i.scdn.co/image/ab6761610000e5ebc63aded6f4bf4d06d1377106,0
5WUlDfRSoLAfcVSX1WnrxN,Sia,https://i.scdn.co/image/ab6761610000e5ebe8637c96a7aa2917eae3c54d,0
4IJczjB0fJ04gs4uvP0Fli,"Gym Class Heroes",https://i.scdn.co/image/ab6761610000e5ebab5c96d3a2ec6ac0f629e244,0
7Ln80lUS6He07XvHI8qqHH,"Arctic Monkeys",https://i.scdn.co/image/ab6761610000e5eb7da39dea0a72f581535fb11f,0
2jK54ZlZhTF1TxygsVeR05,Hawkwind,https://i.scdn.co/image/ab6761610000e5eb7b59f34904a85204edb79eec,0
7iWYCIyfxwVyVae6u7qJaO,"Bob Clearmountain",https://i.scdn.co/image/ab6761610000e5eb9888242ec5fd7a00b388ef54,0
6hN9F0iuULZYWXppob22Aj,"Simple Minds",https://i.scdn.co/image/ab6761610000e5eb12dc9d898b3ef6119b4c2f9e,0
42xf1iqSOZluDWJ8RW2B9H,"Skeeter Beats",https://i.scdn.co/image/ab6761610000e5eb4ac9e27070e9a7d557add83a,0
5UMQV83wwZCCvRSQCVjZw6,"Mission Of Burma",https://i.scdn.co/image/ab6772690000c46c98dec3e7cb9cf5345cf8e750,0
5XQWXnMwsvuvCPMneXUbsy,Marcianeke,https://i.scdn.co/image/ab6761610000e5eb6cefa24592a0c4eced59561e,0
0w4e7HVbqAHFPN6VkIlvhe,"Suresh Wadkar",https://i.scdn.co/image/ab6761610000e5ebedc8b6b16d41b66123c96d04,0
121Q6oslYCMBYZHhOFL1RB,"Richard Hell",https://i.scdn.co/image/f6bd627a2f8125daa5d174255a52a3d3e05695ea,0
54NqjhP2rT524Mi2GicG4K,X,https://i.scdn.co/image/ab6761610000e5ebb3d75524665cd774e0216f40,0
0lZoBs4Pzo7R89JM9lxwoT,"Duran Duran",https://i.scdn.co/image/ab6761610000e5eb47f63876040bae5c16a28832,0
5XKFrudbV4IiuE5WuTPRmT,"Stephen Sanchez",https://i.scdn.co/image/ab6761610000e5eb85ee5a7c90ec6151c497869d,0
0GByy3DcfbQwDvXGCWmzv9,Pretenders,https://i.scdn.co/image/ab6761610000e5ebe5127b3465a9065ef43a8a0a,0
77SW9BnxLY8rJ0RciFqkHh,"The Neighbourhood",https://i.scdn.co/image/ab6761610000e5ebdf0b5ac84376a0a4b2166816,0
7lkL9oVWXjPsVbLh4o1j6Y,Hemlata,https://i.scdn.co/image/ab67616d0000b27365bccb083a3cd05a48ca5ebf,0
3xvaSlT4xsyk6lY1ESOspO,Disney,https://i.scdn.co/image/ab6761610000e5ebc698d53b77db34027b00f853,0
5Xpg6PBSUOoho2lI9qLjiu,"S. Janaki",https://i.scdn.co/image/ab6772690000c46cefaf8882f562760329d1edf6,0
3ipn9JLAPI5GUEo4y4jcoi,Ludacris,https://i.scdn.co/image/adcc1cb654e89f2e404688ae0d1bbc942ce02e5d,0
4myTppRgh0rojLxx8RycOp,"Ryan Lewis",https://i.scdn.co/image/ab6761610000e5eb22a807b9b7c5d50042db2657,0
2i8ynmFv4qgRksyDlBgi6d,Wire,https://i.scdn.co/image/ab6761610000e5eb00807c5b63087591ca240643,0
4K6blSRoklNdpw4mzLxwfn,"Kumar Sanu",https://i.scdn.co/image/ab6761610000e5ebdd546aa61ed7b95b04b4d8c3,0
4DE0cYxMnEEmfKLwDkYwxb,"Erick Morillo",https://i.scdn.co/image/ab6761610000e5ebc87380d17d76097e28a1bd12,0
6VuMaDnrHyPL1p4EHjYLi7,"Charlie Puth",https://i.scdn.co/image/ab6761610000e5eb4e2e2c78de847c4d9b12d32f,0
1mBydYMVBECdDmMfE2sEUO,Sachin-Jigar,https://i.scdn.co/image/ab6761610000e5eba038d7d87f8577bbb9686bd3,0
1aSxMhuvixZ8h9dK9jIDwL,"Kate Bush",https://i.scdn.co/image/ab6761610000e5eb187017724e58e78ee1f5a8e4,0
4wwYGgSpeBtvk5WX6HBqzw,"Aditya A",https://i.scdn.co/image/ab6761610000e5ebb4f196e1a08c6bfb68b4ea2d,0
6bDWAcdtVR3WHz2xtiIPUi,"Fujii Kaze",https://i.scdn.co/image/ab6761610000e5eb548445341ba5aa2ddcd35c87,0
3t5xRXzsuZmMDkQzgOX35S,"Robin Schulz",https://i.scdn.co/image/ab6761610000e5eb7886f753d19bacd490d5acca,0
2tbvDi9eXf9XXp06LupkED,"Alice Deejay",https://i.scdn.co/image/ab6761610000e5ebd862d575116d9b9644e0833d,0
6S2OmqARrzebs0tKUEyXyp,"Demi Lovato",https://i.scdn.co/image/ab6761610000e5eb6659b1cb61936bd7bcb229a2,0
25Y8kAVossqFceqPzPbI5f,Grovr,https://i.scdn.co/image/ab6761610000e5ebf56366469a788a157c1c620b,0
7r2lG8Ui6vGHAgsKlE8Hd8,"Pete Shelley",https://i.scdn.co/image/3e3847997b96a58181087edc22c45b829cf0df49,0
2y8Jo9CKhJvtfeKOsYzRdT,"Rod Stewart",https://i.scdn.co/image/ab6761610000e5eb1d3e6633d1da408fc103a9ec,0
3G3Gdm0ZRAOxLrbyjfhii5,"my bloody valentine",https://i.scdn.co/image/ab6761610000e5eb21c79e4e6e1af6af9b94d3a0,0
0nh5cRtt03SU6LhzhVC5fv,Sublahshini,https://i.scdn.co/image/ab6761610000e5ebc863caabc3006ebea673ec63,0
3TOhzLRYnkkul71yRBxIoM,"Akhil Sachdeva",https://i.scdn.co/image/ab6761610000e5ebb941c0e36b3add2f0cc0d996,0
1YnxVTLZQkk6KJI2c5sBqU,"Sid Vicious",https://i.scdn.co/image/64a5ffa0403d75cbff0da1ea4f7d9160aed5a50e,0
53DGPAJOq7aJrvYGrumUOV,Davy,https://i.scdn.co/image/ab67616d0000b27398075ec1daa67ec279e92c31,0
6nzxy2wXs6tLgzEtqOkEi2,Monica,https://i.scdn.co/image/ab6761610000e5ebfc86d71e953291fb7ae601f5,0
00FQb4jTyendYWaN8pK0wa,"Lana Del Rey",https://i.scdn.co/image/ab6761610000e5ebc5903678d3db18e271e42be0,0
49iKbKGqgn8OESkW5WduX0,"Peabo Bryson",https://i.scdn.co/image/29d1f2378dbd138b2b7fad8666ab6b547448e498,0
3fMbdgg4jU18AjLCKBhRSm,"Michael Jackson",https://i.scdn.co/image/ab6761610000e5eba2a0b9e3448c1e702de9dc90,0
0gDg7FEsF4Y1jWddJJgcn4,"The Rembrandts",https://i.scdn.co/image/ab6761610000e5eb203cbc1f8dbeac5b4993581a,0
1HBjj22wzbscIZ9sEb5dyf,"Jonas Blue",https://i.scdn.co/image/ab6761610000e5ebf79f4c1f658cfcb74baeae51,0
4UETUdF77BfyJ7fEFVztr3,"The Feelies",https://i.scdn.co/image/ab6772690000c46cd54ba8d06330f0f5e13308cb,0
5ZsFI1h6hIdQRw2ti0hz81,ZAYN,https://i.scdn.co/image/ab6761610000e5eb9fbf7133dfc04d4cd44ccd36,0
6O74knDqdv3XaWtkII7Xjp,"Boyz II Men",https://i.scdn.co/image/c8b0d67be35852171d04d7309c2cfe1992a8a4eb,0
60d24wfXkVzDSfLS6hyCjZ,"Martin Garrix",https://i.scdn.co/image/ab6761610000e5eb66d17ee8690d2e8d94ee7387,0
5tth2a3v0sWwV1C7bApBdX,"Lil' Kim",https://i.scdn.co/image/ab6761610000e5eb44f424402a1933b745019107,0
3UvcmAOZt64oKpP95f6MMM,"Big Star",https://i.scdn.co/image/f14be5a9d0ae296706b8b46f39b4b5d8e8c34da3,0
0OS0NZnK7TGIAWx8MkWNFN,Intense,https://i.scdn.co/image/ab6761610000e5ebaa751529c118d8fed910c8d2,0
6XkjpgcEsYab502Vr1bBeW,"Grupo Frontera",https://i.scdn.co/image/ab6761610000e5eb45bf70f0efb91282d75c070d,0
3AmWjMXXtBJOmNGpUFSOAl,"Gang Of Four",https://i.scdn.co/image/ab6761610000e5ebe425a8cbd1fd88d26cc542a9,0
6XpaIBNiVzIetEPCWDvAFP,"Whitney Houston",https://i.scdn.co/image/ab6761610000e5ebcd9f60ab57585bf3b77ecc51,0
5n9bMYfz9qss2VOW89EVs2,"Bomba Estéreo",https://i.scdn.co/image/ab6761610000e5ebcc4d7c642f167846d8aa743b,0
0EOkMBYWbDnVqwfHA4zq32,"John Cooper Clarke",https://i.scdn.co/image/ab6761610000e5eb1334543aed70f73406d0bc97,0
37w38cCSGgKLdayTRjna4W,"Mazzy Star",https://i.scdn.co/image/d14e353d562d68036916c64a13912772cf7df91c,0
6jJ0s89eD6GaHleKKya26X,"Katy Perry",https://i.scdn.co/image/ab6761610000e5ebdc9dcb7e4a97b4552e1224d6,0
4VIvfOurcf0vuLRxLkGnIG,"Bradley Cooper",https://i.scdn.co/image/ab6761610000e5eb9400a1dccee9f0df97847c0f,0
048LktY5zMnakWq7PTtFrz,CKay,https://i.scdn.co/image/ab6761610000e5eb45e556a721580ac0bc7b45bb,0
4O15NlyKLIASxsJ0PrXPfz,"Lil Uzi Vert",https://i.scdn.co/image/ab6761610000e5eb30122c0d3ead72f96bb5ee93,0
7dGJo4pcD2V6oG8kP0tJRR,Eminem,https://i.scdn.co/image/ab6761610000e5eba00b11c129b27a88fc72f36b,0
6WY7D3jk8zTrHtmkqqo5GI,"Maren Morris",https://i.scdn.co/image/ab6761610000e5ebf88c7e94699df538db077320,0
2jw70GZXlAI8QzWeY2bgRc,"Nelly Furtado",https://i.scdn.co/image/ab6761610000e5eb4cd5711d0422af7209cdf37a,0
3qpyErDI4i90q5EGgSRmNK,"Raghav Chaitanya",https://i.scdn.co/image/ab6761610000e5ebf16aafe18e9e1761a79eb406,0
2Q3eZMfDQgT8MhPowKFXYO,t.A.T.u.,https://i.scdn.co/image/ab6761610000e5ebc8bb15d091287d6ce663d430,0
6vWDO969PvNqNYHIOW5v0m,Beyoncé,https://i.scdn.co/image/ab6761610000e5eb676338904deb80cffb568216,0
46xBNx0j6cwY6sD9LgMTm1,"Rosa Linn",https://i.scdn.co/image/ab6761610000e5eb77cd31579fca84c5c60eb46c,0
4dJxXNwpOnZxDCuZN4MFqo,Still,https://i.scdn.co/image/ab6761610000e5eb14a5d7ef374d75c7b4d220d3,0
0uq5PttqEjj3IH1bzwcrXF,"Spice Girls",https://i.scdn.co/image/ab6761610000e5ebcf4a1dced6258416eb219e36,0
4QLlbZcntdcWpm40NooC2M,Maiyarap,https://i.scdn.co/image/ab6761610000e5ebf4f82c0349196c412d8ba9e6,0
5pPdYQPzWpb1XnsNqE6OOz,"Oscar Iván Trevíno",https://i.scdn.co/image/ab67616d0000b273fbe09d85775f2aa25bd747be,0
5JZ7CnR6gTvEMKX4g70Amv,Lauv,https://i.scdn.co/image/ab6761610000e5eb5af53f295e6c42529fbd0873,0
2r3HmBK84dHpMW5WFNdWNP,Ezu,https://i.scdn.co/image/ab6761610000e5eba5013c8cd4027324e6af43bf,0
0haZhu4fFKt0Ag94kZDiz2,"Sofía Reyes",https://i.scdn.co/image/ab6761610000e5eb1630ace4444837a538d34048,0
69GGBxA162lTqCwzJG5jLp,"The Chainsmokers",https://i.scdn.co/image/ab6761610000e5eb3c02f4fb4cc9187c488afd50,0
2WRStKp4ihGVUzlzWfv1Qt,"The Undertones",https://i.scdn.co/image/57baca04c112a6c9b316af3ee422057e227ad2c8,0
6aZyMrc4doVtZyKNilOmwu,"Colbie Caillat",https://i.scdn.co/image/ab6761610000e5eb9bc0756eb16b241111bbc72b,0
3gdbcIdNypBsYNu3iiCjtN,"The B-52's",https://i.scdn.co/image/ab6761610000e5eb85c1d77e63082caf426f6d59,0
23zg3TcAtWQy7J6upgbUnj,Usher,https://i.scdn.co/image/ab6761610000e5eb2e42d906f4f9f672359e7379,0
3MdG05syQeRYPPcClLaUGl,"Diana Ross",https://i.scdn.co/image/ab6761610000e5ebdb59e1c017a93648b119f0cc,0
4UWWa5dKgTLAx8mv6Ju6X1,venbee,https://i.scdn.co/image/ab6761610000e5eb8f2ec54e51de77698440a4c9,0
57vWImR43h4CaDao012Ofp,"Steve Lacy",https://i.scdn.co/image/ab6761610000e5eb09ac9d040c168d4e4f58eb42,0
5udgXJYWwK7cchnPSKqEkK,Campbell,https://i.scdn.co/image/ab6761610000e5eb3c8d3b07e8a78427d42fd3db,0
2FgHPfRprDaylrSRVf1UlN,"Thaman S",https://i.scdn.co/image/ab6761610000e5ebd8ee48716280f5ad1b1c06d7,0
2bt3I0VkmYuPvP57sxokab,"Stiff Little Fingers",https://i.scdn.co/image/6cf254e9c5726a1903b0f5d4130e70a84c5a1903,0
06HL4z0CvFAxyc27GXpf02,"Taylor Swift",https://i.scdn.co/image/ab6761610000e5eb5a00969a4698c3132a15fbb0,0
6Jrj26oAY96EEC2lqC6fua,Squeeze,https://i.scdn.co/image/ab6761610000e5ebca2593dd5b5fb2ceb020091e,0
5FVBduYaeVBb6JIghza7v6,"Santhosh Narayanan",https://i.scdn.co/image/ab6761610000e5eba52538772891f66547e1ebc3,0
3gMaNLQm7D9MornNILzdSl,"Lionel Richie",https://i.scdn.co/image/ab6761610000e5eb002684808eb17d8b3645b57c,0
61J0BktHv7PuP3tjTPYXSX,"Eros Ramazzotti",https://i.scdn.co/image/ab6761610000e5eb5055007c804f1a0512dd0870,0
1cZQSpDsxgKIX2yW5OR9Ot,"Lennon Stella",https://i.scdn.co/image/ab6761610000e5ebd28e3bcc85f25f2814aa3830,0
4qmHkMxr6pTWh5Zo74odpH,"Elvis Costello & The Attractions",https://i.scdn.co/image/ab67616d0000b273c39aa62b10cea6cd2c2c1ed8,0
3Ri4H12KFyu98LMjSoij5V,"Bad Omens",https://i.scdn.co/image/ab6761610000e5eb1ffa2e19b87dceb11074b564,0
3atMq790wQ7IqjeSO0HFeP,Bayaan,https://i.scdn.co/image/ab6761610000e5eb9238a2f9ac620e8ce9c5fa87,0
4wWQkHhmUNlXvhbHRUSqZW,"The Vaselines",https://i.scdn.co/image/ab6772690000c46c5dae35d84770d8647c853cae,0
4d3yvTptO48nOYTPBcPFZC,Eve,https://i.scdn.co/image/ab6761610000e5eb62126e55ddfe25a907535f3c,0
3sXwEUqxSzb11VpuFa5cvJ,"Stacey Ryan",https://i.scdn.co/image/ab6761610000e5eb17d2e53c0de94ace41b8896f,0
4iA6bUhiZyvRKJf4FNVX39,"Vijay Prakash",https://i.scdn.co/image/ab6761610000e5ebdd9861f139278c57ca97f0be,0
4tZwfgrHOc3mvqYlEYSvVi,"Daft Punk",https://i.scdn.co/image/ab6761610000e5eb96d66c60658005885d1135ce,0
3iUjRVvYCsMfz7tuAQtBDI,Ultravox,https://i.scdn.co/image/0ff6575a23e3ed3e280317dd0c71e39f505726a4,0
0C8ZW7ezQVs4URX5aX7Kqx,"Selena Gomez",https://i.scdn.co/image/ab6761610000e5eba5205abffd84341e5bace828,0
4VMYDCV2IEDYJArk749S6m,"Daddy Yankee",https://i.scdn.co/image/ab6761610000e5eb7f9b2f828db40b35a81cba49,0
1HGMG8RHvcu1mfdM9MeTek,"Sadhana Sargam",https://i.scdn.co/image/ab6761610000e5eb5bff80a5700274b3de628f8a,0
0dmPX6ovclgOy8WWJaFEUU,Kraftwerk,https://i.scdn.co/image/ab6761610000e5ebc46999e5afaf35c91cbe652b,0
0RUEHcBiENFEqxgicqS2ig,"The Stranglers",https://i.scdn.co/image/ab6761610000e5eb68403a9e79bf84b604b7155c,0
5IH6FPUwQTxPSXurCrcIov,"Alec Benjamin",https://i.scdn.co/image/ab6761610000e5eb72c4ca30476ce87954961a10,0
5Pwc4xIPtQLFEnJriah9YJ,OneRepublic,https://i.scdn.co/image/ab6761610000e5eb77bf00f67e21f514dc44c485,0
4SpbR6yFEvexJuaBpgAU5p,"LE SSERAFIM",https://i.scdn.co/image/ab6761610000e5ebfb6c0b7b6918dca92be0ed75,0
1Bo8Afb2Qbjs4x6kJHyjle,Gigamesh,https://i.scdn.co/image/ab6761610000e5ebf6b6a307a4fdd6b5a8200900,0
70MMkLXtue3Edj3RJhJkYp,"Public Image Ltd.",https://i.scdn.co/image/095a58d679599309cf7f8ff3549ba16d26ef17c8,0
1uNFoZAHBGtllmzznpCI3s,"Justin Bieber",https://i.scdn.co/image/ab6761610000e5eb8ae7f2aaa9817a704a87ea36,0
0bRPtPZQkWHeG7MGk9eWlh,Romy,https://i.scdn.co/image/ab6761610000e5ebcae2fddcf250a6a8308ea7ee,0
4iHNK0tOyZPYnBU7nGAgpQ,"Mariah Carey",https://i.scdn.co/image/ab6761610000e5eb9a1fa03af692c41b21cd75bb,0
0O0lrN34wrcuBenkqlEDZe,"The Psychedelic Furs",https://i.scdn.co/image/ab6761610000e5ebf7b8a47f7dec7e1745f6d640,0
4TLCPR1sMYoNU1jA7O4uww,D.O.E.,https://i.scdn.co/image/ab6761610000e5eb0f2cbfde7012863ca5904c1b,0
4e0nWw2r4BoQSKPQ2zpU13,"Ray Dalton",https://i.scdn.co/image/ab6761610000e5eb523e6b0c6d68eb7175dc5c6c,0
3AQRLZ9PuTAozP28Skbq8V,"The Script",https://i.scdn.co/image/ab6761610000e5ebf01bf904b446e4a043acb867,0
1RhOh9I75vVWEDmzRVkRUz,"Ms Krazie",https://i.scdn.co/image/ab6761610000e5eb822a99608ddb626a525e4e55,0
4olE3I5QU0dvSR7LIpqTXc,WATT,https://i.scdn.co/image/ab6761610000e5eb0bd101b7d708edeb1c915452,0
66CXWjxzNUsdJxJ2JdwvnR,"Ariana Grande",https://i.scdn.co/image/ab6761610000e5ebcdce7620dc940db079bf4952,0
2C9n4tQgNLhHPhSCmdsQnk,"David Archuleta",https://i.scdn.co/image/ab6761610000e5eb9b3a3f827bf30c0d1f10198c,0
05dG9pMLRWenxzvSmefE6U,MixSingh,https://i.scdn.co/image/ab6761610000e5ebffda2faaa80aee53dc9dbb47,0
0CEK8AzyeD5ZUdUloB6yQV,CADE,https://i.scdn.co/image/ab6761610000e5eba55457693e47222560978ee2,0
1SyKki7JI1AZNKwgNMkn25,Sachet-Parampara,https://i.scdn.co/image/ab6761610000e5eb9415df28058107b5d54f9fad,0
7ltDVBr6mKbRvohxheJ9h1,ROSALÍA,https://i.scdn.co/image/ab6761610000e5ebd7bb678bef6d2f26110cae49,0
6dYrdRlNZSKaVxYg5IrvCH,"The KLF",https://i.scdn.co/image/ab6761610000e5eba950aa62d0feee6eaebe17d6,0
21owPh4qENmViXFjVkvJdd,eyeroze,https://i.scdn.co/image/ab6761610000e5eb797d2cb9b2402e407a206655,0
1URnnhqYAYcrqrcwql10ft,"21 Savage",https://i.scdn.co/image/ab6761610000e5ebe01decbaa565f3feaaade6a9,0
3hXocXy7cs7SZ1JLZUgKBp,"MC MENOR SG",https://i.scdn.co/image/ab6761610000e5eb01e84c4a977cb70c85688c0d,0
5r3wPya2PpeTTsXsGhQU8O,Shubh,https://i.scdn.co/image/ab6761610000e5ebcd654d1f1102e2afeeac58c9,0
7pWXlTjky0KXWgbdZi9ebq,Kalyanji-Anandji,https://i.scdn.co/image/ab67616d0000b273136f87f65afc5f0520b90b1b,0
4qwGe91Bz9K2T8jXTZ815W,"Janet Jackson",https://i.scdn.co/image/ab6761610000e5eb68ab782284f90f0685619bb7,0
4PULA4EFzYTrxYvOVlwpiQ,"Sidhu Moose Wala",https://i.scdn.co/image/ab6761610000e5eb65d54c88ab4c1abf204b360f,0
5Rl15oVamLq7FbSb0NNBNy,"5 Seconds of Summer",https://i.scdn.co/image/ab6761610000e5eb92ce1e218cb7b48386efe3d8,0
5PFSmueeFLrjYXqn3agenn,"Ian Dury",https://i.scdn.co/image/b73cde2fbe61bdc1ebdd71890cf2684c2d4333ae,0
7CajNmpbOovFoOoasH2HaY,"Calvin Harris",https://i.scdn.co/image/ab6761610000e5eb578905d5539cff25568dc097,0
5fikk4h5qbEebqK2Fc6e48,"En Vogue",https://i.scdn.co/image/ab6761610000e5eb6bb7f8ea26ac28c8d18efd8e,0
1zNqDE7qDGCsyzJwohVaoX,Anne-Marie,https://i.scdn.co/image/ab6761610000e5eb0f625b6df41bdd56196351bf,0
6JL8zeS1NmiOftqZTRgdTz,"Meghan Trainor",https://i.scdn.co/image/ab6761610000e5ebf13fc3f245be672aa60a24af,0
4TH4BHy0LdBi3dpBW4P2UX,"R. City",https://i.scdn.co/image/42d26574da8fe764cec5e6c20eb7ea5ae9380f99,0
14IKysoZ0qyGRsIiTk1Ase,999,https://i.scdn.co/image/00e7c56cd1884b695620c0cc0f8c81329ca73869,0
7uK2QScoOUkqq8tvtvBIL7,Endzone,https://i.scdn.co/image/ab6761610000e5eb45d838ddebf5f9d366c0a375,0
3nFkdlSjzX9mRTtwJOzDYB,JAY-Z,https://i.scdn.co/image/ab6761610000e5ebc75afcd5a9027f60eaebb5e4,0
5cj0lLjcoR7YOSnhnX0Po5,"Doja Cat",https://i.scdn.co/image/ab6761610000e5eb727a2ac15afe659be999beba,0
4M6Z1wubeKtwPqbjJygTOc,Shontelle,https://i.scdn.co/image/ab6761610000e5eb5b95026560bd87c4c10adee0,0
0Ttph0pOZiPNTD3y2wUUb6,Shanice,https://i.scdn.co/image/6f04253704c08e9fb0b7681bdac688bb8d0f077d,0
5O0RrEgz4NLCPLrDZiPggz,"The Slits",https://i.scdn.co/image/17443ac1c7fe5efeaa473066ccf101503507aaf3,0
6WOdPJmexxFINcKMkP2jMG,"Sachet Tandon",https://i.scdn.co/image/ab6761610000e5ebb8162865f9d33a22dfac8791,0
6LqNN22kT3074XbTVUrhzX,Kesha,https://i.scdn.co/image/ab6761610000e5ebf271138f95fbe8188d909d50,0
4tgxFlmtGx08MtTKWeqEuR,"Amitabh Bachchan",https://i.scdn.co/image/ab6761610000e5ebe1ae5721ae3fcbccb237cdcc,0
0dlOr0VIysztGWvU1dpjmP,"Natalie Imbruglia",https://i.scdn.co/image/ab6761610000e5eb2e023776b822635846e1f5f1,0
2qxJFvFYMEDqd7ui6kSAcq,Zedd,https://i.scdn.co/image/ab6761610000e5eb7bb5ab9683125fc416c9dbfb,0
3qbnxnvUqR14MJ9g8QwZJK,Lonestar,https://i.scdn.co/image/ab6761610000e5eb20a0d44100d2050232ac6182,0
3gBKY0y3dFFVRqicLnVZYz,"Alka Yagnik",https://i.scdn.co/image/ab6761610000e5eb935b2dd507212bd72a71d7f9,0
7HoPy2YmahCCaYaFSFq497,"Yago Oproprio",https://i.scdn.co/image/ab6761610000e5ebdc57fbc538322f78c730e1db,0
6hzngLO20cX5IGqT0hVv1G,"Anurag Saikia",https://i.scdn.co/image/ab6761610000e5eb51eb3cf657fe63ff9be2473c,0
1n65zfwYIj5kKEtNgxUlWb,"Siouxsie and the Banshees",https://i.scdn.co/image/baf868deb6e3944db2717194bbdd9016e48f3de2,0
4gdMJYnopf2nEUcanAwstx,"Anuv Jain",https://i.scdn.co/image/ab6761610000e5eb724f08bfa57000ac31e466a3,0
5hAhrnb0Ch4ODwWu4tsbpi,"Yo La Tengo",https://i.scdn.co/image/ab6761610000e5ebad8a54844b1b0ac42f0dd71c,0
3kbBWco9PZ5eSQsNScwG6U,"Built To Spill",https://i.scdn.co/image/ab6761610000e5eb975437d5a8604ae63aa4f310,0
0uAjBatvB4ubpd4kCfjmNt,"A Flock Of Seagulls",https://i.scdn.co/image/0e0b74658f7e16190f23d795648c888c4dd40f2a,0
6DPYiyq5kWVQS4RGwxzPC7,"Dr. Dre",https://i.scdn.co/image/83d2489cade1dadcdc533ddbcd74993d0ca6d4cb,0
64j5rJTsD25fTAcOiZWAiY,"Samyak Prasana",https://i.scdn.co/image/ab6761610000e5ebc62a87a8855ebeb54c892c23,0
6EL5GD53kaaVgJCHgdtdLz,"Steve Harley & Cockney Rebel",https://i.scdn.co/image/fdb9ccad99df360ffc1e5b0bc238bd56844a5ebf,0
716NhGYqD1jl2wI1Qkgq36,Bizarrap,https://i.scdn.co/image/ab6761610000e5eb12085fdb28f314e01ef73a19,0
2vwI9jlKSgJbne3dlTzaLO,Skids,https://i.scdn.co/image/73be34ab8817f9f574565e0ebbd43be66b458d4c,0
4vMKEXQ4cU5hb2BL4omVrT,"S. D. Burman",https://i.scdn.co/image/ab67616d0000b2733975f1250c598ee905d68ce0,0
1sSYaQBOI71QZDZ9OWW3hp,"Chani Nattan",https://i.scdn.co/image/ab6761610000e5eb8fcbf9bc6c6680a65293a760,0
3JhNCzhSMTxs9WLGJJxWOY,Macklemore,https://i.scdn.co/image/ab6761610000e5eb4ad5d04ef1320f4fbf959880,0
2jqTyPt0UZGrthPF4KMpeN,"Bappi Lahiri",https://i.scdn.co/image/ab6761610000e5eb55a6d0bb223dbe4d87b8470b,0
6a0qIxqTaL1BgqUfby0JLc,"Talat Aziz",https://i.scdn.co/image/ab6761610000e5ebcbe184aeabe5bb0faba4d63e,0
3Xt3RrJMFv5SZkCfUE8C1J,"Kim Petras",https://i.scdn.co/image/ab6761610000e5eb4427cfe93e6870af2a81fd41,0
0S7Zur2g8YhqlzqtlYStli,Television,https://i.scdn.co/image/26da5a74d4273e0e9116ac7cbb4443def62fa3be,0
1EwJJnjwVcj5dwPW5YfLcQ,"Hansel Casty",https://i.scdn.co/image/ab6761610000e5eb45d7e6f6c74f8ea293d00f2b,0
2LhsePRtgCo4THVKULQBL7,L.V.,https://i.scdn.co/image/ab67616d0000b2735f4a7a3024b630be83448e94,0
5eTq3PxbOh5vgeRXKNqPyV,"The Runaways",https://i.scdn.co/image/bb558047dc042297754100e562e2c8add949b234,0
5l1aGNGCRGomCMHVufh6xC,"Amit Kumar",https://i.scdn.co/image/ab67616d0000b273ce661c3b374b7ca893531083,0
4FMGD43a8aLM0LRKXDSXne,"Bhupinder Singh",https://i.scdn.co/image/ab6761610000e5eb571b94f23a73eddac5b0bb5e,0
1m9rpvDVv7rftegCQDIESg,"Sreejith Edavana",https://i.scdn.co/image/ab67616d0000b273b5362694fdf04a9d4f4cf3dc,0
6AiX12wXdXFoGJ2vk8zBjy,"Yuvan Shankar Raja",https://i.scdn.co/image/ab6761610000e5eb7249dd34afa1c09e205260f4,0
2n6FviARgtjjimZXu18uRM,"Le Tigre",https://i.scdn.co/image/3bc85fea3c1ed9320f63e50bf7c6e0b1c9ced6c5,0
2qe52cWdi4IRtgg14CLInb,"Delta 5",https://i.scdn.co/image/e52ffa68b8fbdff086b7b490983df42dabfc08ef,0
2Uz58cSxlJgefDaSikxYQ7,"Thomas Dolby",https://i.scdn.co/image/2994dbaf7be7460fb5f4ed0b486c82aa014740e5,0
3ero2pjcsaUOT7iL7gG9tj,"Ahmed Nadeem",https://i.scdn.co/image/ab6761610000e5eba8efd0edcef3b7323290f436,0
5a2EaR3hamoenG9rDuVn8j,Prince,https://i.scdn.co/image/ab6761610000e5ebeaca358712b3fe4ed9814640,0
3yS84AjNFqhmuJlIXy7sax,Laxmikant–Pyarelal,https://i.scdn.co/image/ab67616d0000b273fe77bd21eb38ff74b5f21524,0
3DiDSECUqqY1AuBP8qtaIa,"Alicia Keys",https://i.scdn.co/image/ab6761610000e5eb60649f8793fb6b2f5d5a128a,0
6I3M904Y9IwgDjrQ9pANiB,"Kenny G",https://i.scdn.co/image/ab6772690000c46cb1c9c1588c4035499770118f,0
7r8RF1tN2A4CiGEplkp1oP,Ginuwine,https://i.scdn.co/image/c8bc9979554744c06b3c62b7e94b82cd9303ec81,0
62sC6lUEWRjbFqXpMmOk4G,Fugazi,https://i.scdn.co/image/0234b34b265a6ec22de6b4ebb52abc4d6c9d7371,0
6Uh8uJyN9g7oFjDK16nJgb,"Juelz Santana",https://i.scdn.co/image/3181f9da53d969400dc55574f2b227dc461d2e12,0
3EiLUeyEcA6fbRPSHkG5kb,"De La Ghetto",https://i.scdn.co/image/ab6761610000e5eb24a84b4f14311bc1cb3d7c6c,0
267VY6GX5LyU5c9M85ECZQ,"Dinosaur Jr.",https://i.scdn.co/image/ab6761610000e5eb37625f8264394b10ec0eeed6,0
0Yo6U1xuKe8YYdr09KEQt2,"Liz Stewart",https://i.scdn.co/image/ab67616d0000b273ad08946c2f6bcf8c00482819,0
5YGY8feqx7naU7z4HrwZM6,"Miley Cyrus",https://i.scdn.co/image/ab6761610000e5eb02651b19050d8bf64b18d40a,0
49FeZO3eSrJs7oH7lYLU1r,"Kelly Price",https://i.scdn.co/image/b1eab3f6e306171d3c6ea9e1c6e87583043221f4,0
06h4jwHZRZs41yECdCCoY3,Eifi,https://i.scdn.co/image/ab6761610000e5eb6fbd53ebf1d77dab15d517d5,0
22WZ7M8sxp5THdruNY3gXt,"The Doors",https://i.scdn.co/image/ab6761610000e5eb440959e022afc20e819050bd,0
4VuMnSnoTGrma3a79UhfMs,Magazine,https://i.scdn.co/image/a9678c25e699ca042fff8b8f6fd69043749cd4b9,0
6S0dmVVn4udvppDhZIWxCr,"Sean Kingston",https://i.scdn.co/image/ab6761610000e5eb88736ba90063ff3acb41d177,0
5exS0bytCYdixgv02DaCm3,"William Singe",https://i.scdn.co/image/ab6761610000e5eb07dde8cce9215cda501cb28a,0
0AS5y6FY1c4JRl0oWAYu2y,"Rana Sotal",https://i.scdn.co/image/ab6761610000e5ebae57b95ed4643a2a7b267285,0
3NegWDGp038A3FIi3gSYzl,"Ali Sethi",https://i.scdn.co/image/ab6761610000e5ebe1591ab8e13f032428d24111,0
2F3KtUVtrt2GLjcl6pB4cz,Dhanush,https://i.scdn.co/image/ab6761610000e5eb4624051fef26f472c786d7c0,0
0EmeFodog0BfCgMzAIvKQp,Shakira,https://i.scdn.co/image/ab6761610000e5eb284894d68fe2f80cad555110,0
0X2BH1fck6amBIoJhDVmmJ,"Ellie Goulding",https://i.scdn.co/image/ab6761610000e5eb0db36498679f03f30606d45f,0
5r2baeTwcCJnuIsDIlxUJo,"Rashmi Virag",https://i.scdn.co/image/ab6761610000e5eb642e49331ff056c3424727d3,0
1VubctelrLfmkt17PiXCHb,"Chill Town Records",https://i.scdn.co/image/ab6761610000e5eb321e56c681082e1fc438060b,0
6LuN9FCkKOj5PcnpouEgny,Khalid,https://i.scdn.co/image/ab6761610000e5eb31072db9da0311ecfabe96bf,0
2BGRfQgtzikz1pzAD0kaEn,"Elvis Costello",https://i.scdn.co/image/ab6761610000e5ebbd95594d3201ab9c7b0349e6,0
52iwsT98xCoGgiGntTiR7K,Quevedo,https://i.scdn.co/image/ab6761610000e5ebee2ddb7f81a2e8b76b629fbc,0
1XkoF8ryArs86LZvFOkbyr,"Mary J. Blige",https://i.scdn.co/image/ab6761610000e5eb59f9f1ee5a9d2d917813e70f,0
6RyqvNd3p1Sj8ESiPTV3mr,"Melonie Daniels",https://i.scdn.co/image/ab67616d0000b2737d3f779382c3c19db25140eb,0
7gF4lCtHJnQwZC24D8AaM5,CABBRAU,https://i.scdn.co/image/ab6761610000e5eba025bc1b689d6416d1c32744,0
4N76v8ETS7Q5sod9W0dgIo,"Los Rojos",https://i.scdn.co/image/ab6761610000e5eb77960edc06d40ab702649605,0
2rC7eyIFrDIYnFsxsbSxF5,"The Mad Stuntman",https://i.scdn.co/image/ab6761610000e5eb057560d3de95f8aae54b0279,0
0Zw2ivPEDptvMHwCXjhdRs,g3ox_em,https://i.scdn.co/image/ab6761610000e5eb92535a504f16e1dd6ddc3631,0
5j4HeCoUlzhfWtjAfM1acR,Stromae,https://i.scdn.co/image/ab6761610000e5eb5e22bd1057446fccb9fce27c,0
5DHi2MeoRgAwPE0A0qwRMl,"Gurinder Gill",https://i.scdn.co/image/ab6761610000e5eb72a72f13666763e606922abc,0
1mYsTxnqsietFxj1OgoGbG,"A.R. Rahman",https://i.scdn.co/image/ab6761610000e5ebb19af0ea736c6228d6eb539c,0
0jnsk9HBra6NMjO2oANoPY,"Flo Rida",https://i.scdn.co/image/ab6761610000e5eb655ca8f3196953554b479452,0
7hJcb9fa4alzcOq3EaNPoG,"Snoop Dogg",https://i.scdn.co/image/ab6761610000e5eb9a398209a4ef3360dce2dec4,0
3y24n3XhZ96wgwRXjvS17T,Coolio,https://i.scdn.co/image/ab6761610000e5eb5ea53fc78df8f7e7559e228d,0
6QrQ7OrISRYIfS5mtacaw2,"Jaymes Young",https://i.scdn.co/image/ab6761610000e5eb87528aedec4b8d5586768014,0
1nJvji2KIlWSseXRSlNYsC,"The Velvet Underground",https://i.scdn.co/image/d69c2cf10323bf08443c7d122f3a1824a760ab57,0
6hyCmqlpgEhkMKKr65sFgI,Yohani,https://i.scdn.co/image/ab6761610000e5eb8ae49138bf93597b9933e4d3,0
6WoTvA9qinpHtSRJuldYh6,"The Fall",https://i.scdn.co/image/ab6761610000e5eb9f414fc8dc3f76cb637f8f11,0
0p4nmQO2msCgU4IF37Wi3j,"Avril Lavigne",https://i.scdn.co/image/ab6761610000e5eb581efa688945cbb092df1726,0
5MWBg16f5UYiaSlyVhzlIW,"John Cale",https://i.scdn.co/image/ab6772690000c46c1d8c27730e94015b42625261,0
6KImCVD70vtIoJWnq6nGn3,"Harry Styles",https://i.scdn.co/image/ab6761610000e5ebf7db7c8ede90a019c54590bb,0
1Cs0zKBU1kc0i8ypK3B9ai,"David Guetta",https://i.scdn.co/image/ab6761610000e5eb75348e1aade2645ad9c58829,0
2DlGxzQSjYe5N6G9nkYghR,"Jennifer Lopez",https://i.scdn.co/image/ab6761610000e5eb2b6b0eb43981f89f693575ae,0
3bWIy9AUrQdiNeS62Bp3OP,"Shae Gill",https://i.scdn.co/image/ab67616d0000b2733f3d35703bdcd917dad51c4f,0
59wfkuBoNyhDMQGCljbUbA,Diddy,https://i.scdn.co/image/ab6761610000e5ebfd141af2a7b8aa98ceeb4565,0
0vX16aPLB5IGeyzFDHBm6T,Sx1nxwy,https://i.scdn.co/image/ab6761610000e5ebc37d8d0708a130ad7b9dee1f,0
63QHbwCDdJ50C72D4ojeo1,"Rito Riba",https://i.scdn.co/image/ab67616d0000b27334472e447b15328c15503e86,0
2JXn03fudjyRkQ1Ye9f5rk,"Los Del Rio",https://i.scdn.co/image/ab67616d0000b273a8c284ce171e96a79eabf7de,0
2mkCm5VNJTplOKJxcDYMpa,Ericson,https://i.scdn.co/image/ab6761610000e5eb41e18f43e814945ab970d4d5,0
0XLpzWw7BLdlsf32qlMXKV,Penetration,https://i.scdn.co/image/ab67616d0000b2733fd55f2fbf9e4922d39443b2,0
4phGZZrJZRo4ElhRtViYdl,"Jason Mraz",https://i.scdn.co/image/ab6761610000e5ebce8d5be6690c6964069ab8e0,0
0nbaBQTlGxUPLQ07N7onwv,"The Rezillos",https://i.scdn.co/image/b18e47b71d8f4a6793c1bccc7c185a01491aa4dc,0
7qG3b048QCHVRO5Pv1T5lw,"Enrique Iglesias",https://i.scdn.co/image/ab6761610000e5eb2335f74de53ef9b9fd7889c8,0
00sCATpEvwH48ays7PlQFU,"Jonita Gandhi",https://i.scdn.co/image/ab6761610000e5eb8ab0253f4e09d82764ee7b15,0
7KBkgunlONG7LPxs93pgpp,"Mr. President",https://i.scdn.co/image/ae1d50d5cf857f77aa3d5b23d3db041c726e1cd4,0
1yqxFtPHKcGcv6SXZNdyT9,MK,https://i.scdn.co/image/ab6761610000e5eb64d47b100b270df09f27e8cb,0
1vCWHaC5f2uS3yhpwWbIA6,Avicii,https://i.scdn.co/image/ab6761610000e5eb09bf4814c6585e1f69dfeef7,0
3Nrfpe0tUJi4K4DXYWgMUX,BTS,https://i.scdn.co/image/ab6761610000e5eb5704a64f34fe29ff73ab56bb,0
1EowJ1WwkMzkCkRomFhui7,RADWIMPS,https://i.scdn.co/image/ab6761610000e5ebc9d443fb5ced1dd32d106632,0
1rPf3UFQ9PzH7MafzfHTnG,TWISTED,https://i.scdn.co/image/ab6761610000e5eb65ba9f61556f2a062e13cecd,0
4f7KfxeHq9BiylGmyXepGt,"Tanishk Bagchi",https://i.scdn.co/image/ab6761610000e5eb50559387e7830328533792a6,0
2DppeCnNtvrLfEobq9Pw5r,"Adam & The Ants",https://i.scdn.co/image/80cc2fa04e8b70041d4924c78731e954ee2096f8,0
1HY2Jd0NmPuamShAr6KMms,"Lady Gaga",https://i.scdn.co/image/ab6761610000e5ebc8d3d98a1bccbe71393dbfbf,0
4YRxDV8wJFPHPTeXepOstw,"Arijit Singh",https://i.scdn.co/image/ab6761610000e5eb0261696c5df3be99da6ed3f3,0
7qjJw7ZM2ekDSahLXPjIlN,"Sid Sriram",https://i.scdn.co/image/ab6761610000e5ebb583f76654d7e8d4b1a9cce7,0
1tqysapcCh1lWEAc9dIFpa,"Jubin Nautiyal",https://i.scdn.co/image/ab6761610000e5eb1a9d9cfc59b01338c0786953,0
09A1kpyGbzYAPb8cEvee64,"Stevie J",https://i.scdn.co/image/ab67616d0000b2730df83579434de7556c7fb52b,0
0TnOYISbd1XYRBk9myaseg,Pitbull,https://i.scdn.co/image/ab6761610000e5eb2dc40ac263ef07c16a95af4e,0
4hkB2bR5ek6lJChj6aunCn,"Anuradha Paudwal",https://i.scdn.co/image/ab6761610000e5eb9c22e0ff8c09b0128f67393e,0
26T6b8maqEVltcmE4kSDUl,Corona,https://i.scdn.co/image/ab6761610000e5eb8c5ccdc0da89e063165f0d89,0
4zCH9qm4R2DADamUHMCa6O,"Anirudh Ravichander",https://i.scdn.co/image/ab6761610000e5eb53defb703e917e62b55ee8ed,0
1RyvyyTE3xzB2ZywiAwp0i,Future,https://i.scdn.co/image/ab6761610000e5eb24e41f491b129093a6fee383,0
40hUDCN8pOUIQsq2qQE7ph,"Abeer Arora",https://i.scdn.co/image/ab67616d0000b2735e9cdd95a71a09c975d113ad,0
1sVmXkzX2ukc6QvasrDBES,"Asees Kaur",https://i.scdn.co/image/ab6761610000e5eb7a3ea02cd6c3eb5a360c8e11,0
6CP5wWvO8oIxedESJNCN4H,"Ski Aggu",https://i.scdn.co/image/ab6761610000e5ebbd5acd53e91d64d8eaae23f6,0
6OWPd5ByKaNSFAZ3TCe5AO,"The Saints",https://i.scdn.co/image/ab2509b9fe271f5b851b68c32abf847950598972,0
0yNLKJebCb8Aueb54LYya3,"New Order",https://i.scdn.co/image/ab6761610000e5eba080a8e96758f416301578f9,0
2KsP6tYLJlTBvSUxnwlVWa,"Mike Posner",https://i.scdn.co/image/ab6761610000e5eb5ca6c70cd9661b2eca98999f,0
64KEffDW9EtZ1y2vBYgq8T,Marshmello,https://i.scdn.co/image/ab6761610000e5eb41e4a3b8c1d45a9e49b6de21,0
6biWAmrHyiMkX49LkycGqQ,"Thin Lizzy",https://i.scdn.co/image/cbebfb93be8c2ac47ef6b8a2186d11b3298abe49,0
5Et1UarIEfiHvErAJSer9B,"Rô Rosa",https://i.scdn.co/image/ab6761610000e5eb06ff5b94ce8bd63a1d9b482b,0
0gXDpqwYNDODn7fB0RDN8J,"Mohammed Rafi",https://i.scdn.co/image/ab6761610000e5ebda1f4136a46f6a9cd99382bf,0
37230BxxYs9ksS7OkZw3IU,"Chencho Corleone",https://i.scdn.co/image/ab6761610000e5eb8d39c14d2ec7e0c210a6cf1d,0
2kfi47LWmlXzQ3p3kWonfQ,"Madhur Sharma",https://i.scdn.co/image/ab6761610000e5eb4902ef79a0c66af591c808a7,0
7rZNSLWMjTbwdLNskFbzFf,Sugababes,https://i.scdn.co/image/ab6761610000e5ebc9eb29f5ab277578c44bf389,0
3vXBH4XwXSLM1YIrRBt98k,"Mohammed Aziz",https://i.scdn.co/image/ab67616d0000b273118d320981b8754f8733ca1e,0
05RZIdfz59ZW2FvFuwnmNK,"K-Ci & JoJo",https://i.scdn.co/image/802accab666236892f3f3bfb102323d59747b164,0
4sD9znwiVFx9cgRPZ42aQ1,"Sinéad O'Connor",https://i.scdn.co/image/01302e48d0723ef0bb11af123826d7016585995d,0
0cwmNvclzPd8mQnoHuIksj,Vengaboys,https://i.scdn.co/image/ab6761610000e5eb8d4dc3d61a909e8519f7d2e2,0
6sCbFbEjbYepqswM1vWjjs,Zendaya,https://i.scdn.co/image/fba29219867535aaed72b65c2cb363040cb98103,0
11hIqBsGRPztdjBHCSLClX,"Daniel Bedingfield",https://i.scdn.co/image/411b4430f842fca92fedf709799274c52764cbbc,0
6pDga1iElP4dCa4S5bYvoo,"Chitra Singh",https://i.scdn.co/image/ab67616d0000b273bb1b1c961e8179965f78a0bc,0
65tpb4BwAnD3HOUs8MC6TB,"DJ ESCOBAR",https://i.scdn.co/image/ab6761610000e5eb7f34cdec6104f7a671b9f03b,0
3OqTvcWgb0xaainosGVvuZ,Gala,https://i.scdn.co/image/ab6761610000e5ebfe64161bc38e2b90b68907ce,0
1Y8cdNmUJH7yBTd9yOvr5i,"Destiny's Child",https://i.scdn.co/image/ab6761610000e5ebf75e64532704bd6acf0b4e76,0
3RGLhK1IP9jnYFH4BRFJBS,"The Clash",https://i.scdn.co/image/ab470b275daa38351810a1eb91d107ebdb821302,0
7wqtxqI3eo7Gn1P7SpP6cQ,Salt-N-Pepa,https://i.scdn.co/image/6ff07d51815e67b11f8c2e4a4bebc2b6b3bbe7eb,0
5O0RrEgz4NLCPLrDZiPggz,"The Slits",https://i.scdn.co/image/17443ac1c7fe5efeaa473066ccf101503507aaf3,0
1Y8cdNmUJH7yBTd9yOvr5i,"Destiny's Child",https://i.scdn.co/image/ab6761610000e5ebf75e64532704bd6acf0b4e76,0
2Uz58cSxlJgefDaSikxYQ7,"Thomas Dolby",https://i.scdn.co/image/2994dbaf7be7460fb5f4ed0b486c82aa014740e5,0
5tth2a3v0sWwV1C7bApBdX,"Lil' Kim",https://i.scdn.co/image/ab6761610000e5eb44f424402a1933b745019107,0
4nNwfeVaNJlfz8RdCT5MJO,"Gareth Gates",https://i.scdn.co/image/ab67616d0000b2731dc9254e728947b633918b25,0
1n65zfwYIj5kKEtNgxUlWb,"Siouxsie and the Banshees",https://i.scdn.co/image/baf868deb6e3944db2717194bbdd9016e48f3de2,0
6Uh8uJyN9g7oFjDK16nJgb,"Juelz Santana",https://i.scdn.co/image/3181f9da53d969400dc55574f2b227dc461d2e12,0
5DxwUWyGp1uejyE80iJcn0,"Dhanunjay Seepana",https://i.scdn.co/image/ab6761610000e5ebd524a16fa2ee73856511c09b,0
6uVeWolwyRDrT84lLsaZyW,Suicide,https://i.scdn.co/image/4ec33d5a13bbfc863c674da4be04f893418ddf28,0
2qe52cWdi4IRtgg14CLInb,"Delta 5",https://i.scdn.co/image/e52ffa68b8fbdff086b7b490983df42dabfc08ef,0
2DppeCnNtvrLfEobq9Pw5r,"Adam & The Ants",https://i.scdn.co/image/80cc2fa04e8b70041d4924c78731e954ee2096f8,0
4BIQA9vRkqXEnA2twmq7mU,"Mario Winans",https://i.scdn.co/image/1d45540168bdcb4c73a6d54cd3c5e62898f67a4f,0
3f5W9NEwkc1SAIPFuumcaf,Jamelia,https://i.scdn.co/image/ab67616d0000b273ac27b4f5d1ad74f433274cd5,0
5SbkVQYYzlw1kte75QIabH,"Gnarls Barkley",https://i.scdn.co/image/03e8855382d21e1cbf8172c03001ab8847889f38,0
62sC6lUEWRjbFqXpMmOk4G,Fugazi,https://i.scdn.co/image/0234b34b265a6ec22de6b4ebb52abc4d6c9d7371,0
5BgWMOdEUJYdUBH3WXfMWt,"X-Ray Spex",https://i.scdn.co/image/ab67616d0000b27367737ef9275b002cc54868ea,0
57YVY9QP1mhqc51WqHln0e,"Tom Robinson Band",https://i.scdn.co/image/5df93e9f78f6139dde2cbf09d893bcf195722591,0
1yFJnlNMiBUBplMaOP5CMX,"Lene Lovich",https://i.scdn.co/image/73a61854c71883cd3df13b03e5e746a26103d80b,0
2n6FviARgtjjimZXu18uRM,"Le Tigre",https://i.scdn.co/image/3bc85fea3c1ed9320f63e50bf7c6e0b1c9ced6c5,0
7KBkgunlONG7LPxs93pgpp,"Mr. President",https://i.scdn.co/image/ae1d50d5cf857f77aa3d5b23d3db041c726e1cd4,0
5N5tQ9Dx1h8Od7aRmGj7Fi,Bauhaus,https://i.scdn.co/image/9676688ae196b8abf4ed89ce6620a7ad04027095,0
0TImkz4nPqjegtVSMZnMRq,TLC,https://i.scdn.co/image/ab6761610000e5eb7356ae4581e46319f99c813a,0
5YBSzuCs7WaFKNr7Bky0Uf,Olivia,https://i.scdn.co/image/ab6761610000e5eb8e5262a32a4deabd237e4392,0
0TeGnmwDckodQSYHlPoCvz,"Spencer Washington",https://i.scdn.co/image/ab67616d0000b273f7eaa51b0faff08c4944f4bd,0
7r8RF1tN2A4CiGEplkp1oP,Ginuwine,https://i.scdn.co/image/c8bc9979554744c06b3c62b7e94b82cd9303ec81,0
5tKXB9uuebKE34yowVaU3C,Iyaz,https://i.scdn.co/image/07be68a6b678e0307e38303186ddbc6816f250af,0
23kP8xlQifcAV4nd84iHbW,"Trey Lorenz",https://i.scdn.co/image/ff909bc0fe4f22707ce77d2bc33fdcf0463ca81b,0
6OWPd5ByKaNSFAZ3TCe5AO,"The Saints",https://i.scdn.co/image/ab2509b9fe271f5b851b68c32abf847950598972,0
3RGLhK1IP9jnYFH4BRFJBS,"The Clash",https://i.scdn.co/image/ab470b275daa38351810a1eb91d107ebdb821302,0
2u7xZP39dtED9EuRX9MUwu,"Orange Juice",https://i.scdn.co/image/ab6761610000e5eb0b448bdaddb1d71f5df95b7e,0
7fObcBw9VM3x7ntWKCYl0z,"Colby O'Donis",https://i.scdn.co/image/ab6761610000e5eb2c44e078944196a8c1eec256,0
11hIqBsGRPztdjBHCSLClX,"Daniel Bedingfield",https://i.scdn.co/image/411b4430f842fca92fedf709799274c52764cbbc,0
3LttNNESJjyvswWk4Asvha,"The Adverts",https://i.scdn.co/image/ab67616d0000b273eebe5c14008e6516eeb1d66c,0
63wjoROpeh5f11Qm93UiJ1,"Keri Hilson",https://i.scdn.co/image/d4292e99f89f4a9e75e9723da5a0d592ed307215,0
2urZrEdsq72kx0UzfYN8Yv,"Spandau Ballet",https://i.scdn.co/image/3c45e8cba287ba947471687ee1bb9bd421c84937,0
6BkcAbUkfIBM4XudxieMq8,"Dr. Alban",https://i.scdn.co/image/ab6761610000e5eb65df8d8faf6b4e828a33117d,0
3y24n3XhZ96wgwRXjvS17T,Coolio,https://i.scdn.co/image/ab6761610000e5eb5ea53fc78df8f7e7559e228d,0
05RZIdfz59ZW2FvFuwnmNK,"K-Ci & JoJo",https://i.scdn.co/image/802accab666236892f3f3bfb102323d59747b164,0
2gie1bU1LwnxdFAJoTLjzT,Loon,https://i.scdn.co/image/86bca3cf6660bf05f14560a2d0c9c0fb3ecdc8ee,0
6a0qIxqTaL1BgqUfby0JLc,"Talat Aziz",https://i.scdn.co/image/ab6761610000e5ebcbe184aeabe5bb0faba4d63e,0
3fhOTtm0LBJ3Ojn4hIljLo,"Roxy Music",https://i.scdn.co/image/ab6761610000e5eb35572c81290a3e3d4a0906e3,0
5PFSmueeFLrjYXqn3agenn,"Ian Dury",https://i.scdn.co/image/b73cde2fbe61bdc1ebdd71890cf2684c2d4333ae,0
5Ryxgm3uLvQOsw4H5ZpHDn,"Betty Davis",https://i.scdn.co/image/ab6772690000c46c04f6417f260ab96376c8fb15,0
18JD8DVlD1fakDAw7E9LFC,"2 Unlimited",https://i.scdn.co/image/ab6761610000e5ebe681a799e830e026c7faa2a2,0
4nlqDmbzFzbNITaqjJv7D7,"The Sundays",https://i.scdn.co/image/d11ee55598e458475cf9b34ce3bc7ffde96aceb4,0
7wqtxqI3eo7Gn1P7SpP6cQ,Salt-N-Pepa,https://i.scdn.co/image/6ff07d51815e67b11f8c2e4a4bebc2b6b3bbe7eb,0
7Mf94AcOpWMFGguqquZc2G,"Cheree Price",,0
1G0Xwj8mza6b03iYkVdzDP,"The Sugarcubes",https://i.scdn.co/image/1224d3af9be017b1436b59980be7ae167573c03c,0
72eP0W3rIhkxd0NHGg4w4u,B*Witched,https://i.scdn.co/image/ab6761610000e5ebaf22f1ffb0c210b85d7f45ba,0
2sd9Q3r0Jhqpe3w9WVuG43,"Crystal Waters",https://i.scdn.co/image/ab6761610000e5ebf2f582c3aad635ad9e82a89c,0
16VudBYGOd9sMpOtA0szfp,"The Only Ones",https://i.scdn.co/image/faee291824122f9f51371d9e2dbedb4094cd4665,0
1sPuAjy8SuvfwXNVgt52jg,Emilia,https://i.scdn.co/image/ab67616d0000b27305a03f55aaf243747e1d6403,0
1gALaWbNDnwS2ECV09sn2A,Nightcrawlers,https://i.scdn.co/image/ab6761610000e5eb512e2fb6b3294e3aeb110ed1,0
0CfWyW7pOVz3vD42BOBdHM,"Shashi Kapoor",https://i.scdn.co/image/ab6761610000e5eb475b384b2a267fcd50ad02ec,0
4WquJweZPIK9qcfVFhTKvf,MC5,https://i.scdn.co/image/90e09fac65de5e448a430cb7a7616528982b90d1,0
0nbaBQTlGxUPLQ07N7onwv,"The Rezillos",https://i.scdn.co/image/b18e47b71d8f4a6793c1bccc7c185a01491aa4dc,0
4AXX8UN3xaPrxHSqrgE3Ta,"Reel 2 Real",https://i.scdn.co/image/ab6761610000e5ebcd8842d43aba6747d3621952,0
3NRFinRTEqUCfaTTZmk8ek,"Savage Garden",https://i.scdn.co/image/ab6761610000e5eba218283491135c3c72911719,0
23kP8xlQifcAV4nd84iHbW,"Trey Lorenz",https://i.scdn.co/image/ff909bc0fe4f22707ce77d2bc33fdcf0463ca81b,0
3GMoVpWJy4smKuxFuFTwXC,Roger,https://i.scdn.co/image/2b05e39a5c645fbbe2e7a73de886ac8b08d74e73,0
2lgp536k08u3n6rgIW0lNf,"Shailendra Singh",https://i.scdn.co/image/ab6761610000e5eb927150d406b9ce501ed6e9c8,0
5Wabl1lPdNOeIn0SQ5A1mp,"Cocteau Twins",https://i.scdn.co/image/c3d256b560f88164c5346543311b0a353c71cfd7,0
2U1hVHUuvPv4PalshKMvnN,"Sharad Kumar",https://i.scdn.co/image/ab67616d0000b273954e009832ffb04ee54e4040,0
4PpmBoqphQusNFsxuVKb6j,"Paula Abdul",https://i.scdn.co/image/ab6761610000e5eb9d4f6155bb30dc0c5872223c,0
2eRdPaLHWAL4d1WcNUO9Vz,"The Modern Lovers",https://i.scdn.co/image/ab6761610000e5eb888dd74cbfd6fbadc55468db,0
1a5l3fWnzmaK7gDD2IkbHq,"Tin Tin Out",https://i.scdn.co/image/ab67616d0000b2737d24805c047703190de674ee,0
26T6b8maqEVltcmE4kSDUl,Corona,https://i.scdn.co/image/ab6761610000e5eb8c5ccdc0da89e063165f0d89,0
72X6FHxaShda0XeQw3vbeF,Slowdive,https://i.scdn.co/image/ab6761610000e5eb7511ff94be3a6b231e61007b,0
2qT62DYO8Ajb276vUJmvhz,XTC,https://i.scdn.co/image/e6540622c946b42edd4c461f86fac6c3ca0ac61d,0
1yjuFciXmV3NaPCzwwHclC,"The Bucketheads",https://i.scdn.co/image/ab67616d0000b273c775772fa7bbd72e6565b85c,0
4t7bXPFEPe0pu1ozhdDLOp,"The Raincoats",https://i.scdn.co/image/ab6761610000e5eb4f8a3cbc7e1a3c8b2d95ee41,0
3yY2gUcIsjMr8hjo51PoJ8,"The Smiths",https://i.scdn.co/image/481b980af463122013e4578c08fb8c5cbfaed1e9,0
6imyM8T1Xbe8v2iZe41dR7,"Haircut 100",https://i.scdn.co/image/651fcad519d9f7b49385011ecba98a50505b5541,0
0CfWyW7pOVz3vD42BOBdHM,"Shashi Kapoor",https://i.scdn.co/image/ab6761610000e5eb475b384b2a267fcd50ad02ec,0
20kRNjGAzhnBIflemL8JfY,"Romeo Void",https://i.scdn.co/image/0fb370405c314809366b343cac4dce22b2279d28,0
7r2lG8Ui6vGHAgsKlE8Hd8,"Pete Shelley",https://i.scdn.co/image/3e3847997b96a58181087edc22c45b829cf0df49,0
2qT62DYO8Ajb276vUJmvhz,XTC,https://i.scdn.co/image/e6540622c946b42edd4c461f86fac6c3ca0ac61d,0
7GbMKpjxObo2JZGvKQovjr,"Suburban Lawns",https://i.scdn.co/image/9f4259303b426bc41210e2696b9ba979591cf7b4,0
0O0lrN34wrcuBenkqlEDZe,"The Psychedelic Furs",https://i.scdn.co/image/ab6761610000e5ebf7b8a47f7dec7e1745f6d640,0
2x9SpqnPi8rlE9pjHBwmSC,"Talking Heads",https://i.scdn.co/image/e4c5b04fce8706c87663357b1f78522a3a5c641b,0
3GMoVpWJy4smKuxFuFTwXC,Roger,https://i.scdn.co/image/2b05e39a5c645fbbe2e7a73de886ac8b08d74e73,0
2U1hVHUuvPv4PalshKMvnN,"Sharad Kumar",https://i.scdn.co/image/ab67616d0000b273954e009832ffb04ee54e4040,0
2eRdPaLHWAL4d1WcNUO9Vz,"The Modern Lovers",https://i.scdn.co/image/ab6761610000e5eb888dd74cbfd6fbadc55468db,0
6y1jbhyM2QbpU3Bm8Z8fbe,"The Normal",https://i.scdn.co/image/ab67616d0000b273cb38eebae801a903b279ad2a,0
5Ryxgm3uLvQOsw4H5ZpHDn,"Betty Davis",https://i.scdn.co/image/ab6772690000c46c04f6417f260ab96376c8fb15,0
57YVY9QP1mhqc51WqHln0e,"Tom Robinson Band",https://i.scdn.co/image/5df93e9f78f6139dde2cbf09d893bcf195722591,0
5c3GLXai8YOMid29ZEuR9y,"Nick Drake",https://i.scdn.co/image/d364b498f85ae764cd278fbba9a8ed7f00c3e434,0
5BgWMOdEUJYdUBH3WXfMWt,"X-Ray Spex",https://i.scdn.co/image/ab67616d0000b27367737ef9275b002cc54868ea,0
